/*
 * font_zh.h —— 《回声·下沉》点阵字库（自动生成，勿手改）。
 * 生成脚本：tools/gen_font.py
 * 中文：16x16 点阵（Unicode 码点表 + 位图，MSB-first 行优先）。
 * ASCII：8x16 点阵，覆盖 0x20..0x7E 共 95 字符。
 * 渲染时解码 UTF-8：<0x80 用 ASCII，>=0x80 用中文表二分查找。
 */
#pragma once
#include <stdint.h>

#define FONT_ZH_W 16
#define FONT_ZH_H 16
#define FONT_ASCII_W 8
#define FONT_ASCII_H 16
#define FONT_ASCII_BASE 0x20

static const uint8_t FONT_ASCII[95][16] = {
    {
    0x00, 0x00, 0x00, 0x00, 0x00, 0x00, 0x00, 0x00, 0x00, 0x00, 0x00, 0x00,
    0x00, 0x00, 0x00, 0x00
    },
    {
    0x00, 0x18, 0x18, 0x18, 0x18, 0x18, 0x18, 0x18, 0x18, 0x18, 0x00, 0x18,
    0x18, 0x00, 0x00, 0x00
    },
    {
    0x00, 0x24, 0x24, 0x24, 0x24, 0x00, 0x00, 0x00, 0x00, 0x00, 0x00, 0x00,
    0x00, 0x00, 0x00, 0x00
    },
    {
    0x00, 0x32, 0x36, 0x26, 0x26, 0xFF, 0x64, 0x64, 0xFF, 0xFF, 0x4C, 0x4C,
    0xC8, 0x00, 0x00, 0x00
    },
    {
    0x00, 0x08, 0x1C, 0x7E, 0x4A, 0x48, 0x78, 0x3C, 0x1E, 0x0B, 0x1B, 0xCB,
    0x7E, 0x18, 0x00, 0x00
    },
    {
    0x00, 0xFF, 0xFF, 0x26, 0x24, 0xEC, 0xD8, 0x10, 0x37, 0x6D, 0x48, 0xCC,
    0x8F, 0x03, 0x00, 0x00
    },
    {
    0x00, 0x30, 0x7C, 0xCC, 0x4C, 0x78, 0x30, 0xF8, 0xCC, 0x87, 0x87, 0xDF,
    0xF8, 0x00, 0x00, 0x00
    },
    {
    0x00, 0x18, 0x18, 0x18, 0x18, 0x00, 0x00, 0x00, 0x00, 0x00, 0x00, 0x00,
    0x00, 0x00, 0x00, 0x00
    },
    {
    0x0C, 0x0C, 0x08, 0x18, 0x18, 0x18, 0x18, 0x18, 0x18, 0x18, 0x18, 0x18,
    0x18, 0x18, 0x0C, 0x08
    },
    {
    0x30, 0x30, 0x10, 0x18, 0x18, 0x18, 0x18, 0x18, 0x18, 0x18, 0x18, 0x18,
    0x18, 0x10, 0x30, 0x30
    },
    {
    0x00, 0x18, 0x7E, 0x3C, 0x3C, 0x7E, 0x18, 0x00, 0x00, 0x00, 0x00, 0x00,
    0x00, 0x00, 0x00, 0x00
    },
    {
    0x00, 0x00, 0x18, 0x18, 0x18, 0xFF, 0xFF, 0x18, 0x18, 0x18, 0x00, 0x00,
    0x00, 0x00, 0x00, 0x00
    },
    {
    0x00, 0x00, 0x00, 0x00, 0x00, 0x00, 0x18, 0x18, 0x30, 0x00, 0x00, 0x00,
    0x00, 0x00, 0x00, 0x00
    },
    {
    0x00, 0x00, 0x00, 0x00, 0x3C, 0x3C, 0x00, 0x00, 0x00, 0x00, 0x00, 0x00,
    0x00, 0x00, 0x00, 0x00
    },
    {
    0x00, 0x00, 0x00, 0x00, 0x00, 0x00, 0x18, 0x18, 0x00, 0x00, 0x00, 0x00,
    0x00, 0x00, 0x00, 0x00
    },
    {
    0x00, 0x06, 0x06, 0x04, 0x0C, 0x0C, 0x08, 0x18, 0x18, 0x10, 0x30, 0x30,
    0x20, 0x60, 0x60, 0x00
    },
    {
    0x00, 0x18, 0x7C, 0x66, 0xC3, 0xC3, 0x83, 0x83, 0x83, 0xC3, 0xC3, 0xC2,
    0x7E, 0x3C, 0x00, 0x00
    },
    {
    0x00, 0x38, 0x38, 0x18, 0x18, 0x18, 0x18, 0x18, 0x18, 0x18, 0x18, 0x18,
    0x18, 0x08, 0x00, 0x00
    },
    {
    0x00, 0x1C, 0x7E, 0xC3, 0xC3, 0x83, 0x03, 0x06, 0x0C, 0x18, 0x30, 0x60,
    0xFF, 0xFF, 0x00, 0x00
    },
    {
    0x00, 0x10, 0x7C, 0x66, 0xC2, 0x06, 0x1E, 0x1E, 0x07, 0x03, 0x83, 0xC3,
    0x6E, 0x3C, 0x00, 0x00
    },
    {
    0x00, 0x00, 0x06, 0x06, 0x0E, 0x1E, 0x16, 0x36, 0x66, 0xFF, 0xFF, 0x06,
    0x06, 0x04, 0x00, 0x00
    },
    {
    0x00, 0x1E, 0x3F, 0x20, 0x20, 0x60, 0x7C, 0x06, 0x03, 0x03, 0x83, 0xC3,
    0x7E, 0x3C, 0x00, 0x00
    },
    {
    0x00, 0x00, 0x04, 0x0C, 0x18, 0x10, 0x38, 0x7E, 0x67, 0xC3, 0xC3, 0x43,
    0x7E, 0x3C, 0x00, 0x00
    },
    {
    0x00, 0x7F, 0xFF, 0x02, 0x06, 0x04, 0x0C, 0x08, 0x18, 0x10, 0x30, 0x20,
    0x60, 0x40, 0x00, 0x00
    },
    {
    0x00, 0x18, 0x7E, 0x66, 0xC3, 0xC2, 0x7E, 0x7E, 0xC3, 0xC3, 0x83, 0xC3,
    0x7E, 0x3C, 0x00, 0x00
    },
    {
    0x00, 0x38, 0x7E, 0xC6, 0xC3, 0xC3, 0xC6, 0x7E, 0x3C, 0x0C, 0x18, 0x30,
    0x30, 0x20, 0x00, 0x00
    },
    {
    0x00, 0x00, 0x00, 0x18, 0x18, 0x00, 0x00, 0x00, 0x00, 0x00, 0x18, 0x18,
    0x00, 0x00, 0x00, 0x00
    },
    {
    0x00, 0x00, 0x00, 0x18, 0x18, 0x00, 0x00, 0x00, 0x00, 0x08, 0x18, 0x10,
    0x30, 0x00, 0x00, 0x00
    },
    {
    0x00, 0x00, 0x03, 0x0F, 0x3C, 0xF0, 0xC0, 0x78, 0x1E, 0x07, 0x00, 0x00,
    0x00, 0x00, 0x00, 0x00
    },
    {
    0x00, 0x00, 0x00, 0xFF, 0xFF, 0x00, 0xFF, 0xFF, 0x00, 0x00, 0x00, 0x00,
    0x00, 0x00, 0x00, 0x00
    },
    {
    0x00, 0x00, 0x80, 0xE0, 0x3C, 0x0F, 0x07, 0x1E, 0x78, 0xC0, 0x00, 0x00,
    0x00, 0x00, 0x00, 0x00
    },
    {
    0x00, 0x18, 0x7E, 0xC3, 0xC3, 0x03, 0x06, 0x0C, 0x18, 0x18, 0x00, 0x00,
    0x18, 0x18, 0x00, 0x00
    },
    {
    0x00, 0x7E, 0xC3, 0x00, 0x3E, 0x66, 0xC6, 0xC6, 0xC4, 0xED, 0x7F, 0x81,
    0xE7, 0x3E, 0x00, 0x00
    },
    {
    0x00, 0x00, 0x18, 0x18, 0x3C, 0x2C, 0x66, 0x66, 0xFF, 0xFF, 0x81, 0x81,
    0x00, 0x00, 0x00, 0x00
    },
    {
    0x00, 0x78, 0x7C, 0x46, 0x46, 0x46, 0x7C, 0x7E, 0x47, 0x43, 0x43, 0x47,
    0x7E, 0x78, 0x00, 0x00
    },
    {
    0x00, 0x1C, 0x7F, 0xE1, 0x80, 0x00, 0x00, 0x00, 0x00, 0x00, 0x80, 0xC1,
    0xFF, 0x3E, 0x00, 0x00
    },
    {
    0x00, 0xF0, 0xFE, 0x87, 0x83, 0x81, 0x80, 0x80, 0x80, 0x81, 0x81, 0x87,
    0xFE, 0xF8, 0x00, 0x00
    },
    {
    0x00, 0x7E, 0x7F, 0x40, 0x40, 0x40, 0x7F, 0x7E, 0x40, 0x40, 0x40, 0x7E,
    0x7F, 0x00, 0x00, 0x00
    },
    {
    0x00, 0x3E, 0x7E, 0x60, 0x60, 0x60, 0x7E, 0x7E, 0x60, 0x60, 0x60, 0x60,
    0x60, 0x00, 0x00, 0x00
    },
    {
    0x00, 0x1C, 0xFF, 0xC3, 0x80, 0x00, 0x00, 0x07, 0x07, 0x00, 0x00, 0xC1,
    0xFF, 0x7E, 0x00, 0x00
    },
    {
    0x00, 0x81, 0x81, 0x81, 0x81, 0x81, 0xFF, 0xFF, 0x81, 0x81, 0x81, 0x81,
    0x81, 0x00, 0x00, 0x00
    },
    {
    0x00, 0x10, 0x18, 0x18, 0x18, 0x18, 0x18, 0x18, 0x18, 0x18, 0x18, 0x18,
    0x18, 0x00, 0x00, 0x00
    },
    {
    0x00, 0x04, 0x06, 0x06, 0x06, 0x06, 0x06, 0x06, 0x06, 0x06, 0x06, 0x44,
    0x7C, 0x18, 0x00, 0x00
    },
    {
    0x00, 0x82, 0xC6, 0xCC, 0xD8, 0xF0, 0xE0, 0xE0, 0xF0, 0xD8, 0xCC, 0xC6,
    0xC3, 0x00, 0x00, 0x00
    },
    {
    0x00, 0x40, 0x60, 0x60, 0x60, 0x60, 0x60, 0x60, 0x60, 0x60, 0x60, 0x7E,
    0x7E, 0x00, 0x00, 0x00
    },
    {
    0x00, 0x00, 0x00, 0x01, 0x81, 0x83, 0xC3, 0x46, 0x64, 0x2C, 0x38, 0x18,
    0x18, 0x00, 0x00, 0x00
    },
    {
    0x00, 0x01, 0x81, 0xC1, 0xE1, 0xE1, 0xB1, 0x99, 0x8D, 0x87, 0x83, 0x81,
    0x80, 0x00, 0x00, 0x00
    },
    {
    0x00, 0x18, 0xFF, 0xC3, 0x81, 0x00, 0x00, 0x00, 0x00, 0x00, 0x00, 0x81,
    0xFF, 0x3C, 0x00, 0x00
    },
    {
    0x00, 0xF8, 0xFE, 0xC7, 0xC3, 0xC3, 0xC7, 0xFE, 0xF8, 0xC0, 0xC0, 0xC0,
    0xC0, 0x80, 0x00, 0x00
    },
    {
    0x00, 0x00, 0x7E, 0xC3, 0x81, 0x00, 0x00, 0x00, 0x08, 0x0C, 0x06, 0x83,
    0xFF, 0x7F, 0x00, 0x00
    },
    {
    0x00, 0x78, 0xFE, 0xC7, 0xC3, 0xC3, 0xC7, 0xFE, 0xF8, 0xD8, 0xCC, 0xC6,
    0xC7, 0xC3, 0x00, 0x00
    },
    {
    0x00, 0x10, 0x7C, 0x66, 0x40, 0x60, 0x30, 0x18, 0x0C, 0x06, 0x06, 0xC6,
    0x7E, 0x3C, 0x00, 0x00
    },
    {
    0x00, 0x7E, 0xFE, 0x18, 0x18, 0x18, 0x18, 0x18, 0x18, 0x18, 0x18, 0x18,
    0x18, 0x10, 0x00, 0x00
    },
    {
    0x00, 0x83, 0x83, 0x83, 0x83, 0x83, 0x83, 0x83, 0x83, 0x83, 0xC3, 0xC6,
    0x7E, 0x18, 0x00, 0x00
    },
    {
    0x00, 0x00, 0x81, 0x81, 0xC3, 0xC3, 0x62, 0x66, 0x26, 0x3C, 0x3C, 0x18,
    0x18, 0x00, 0x00, 0x00
    },
    {
    0x00, 0x00, 0x10, 0x18, 0x38, 0x3C, 0x6C, 0x64, 0x47, 0xC7, 0xC3, 0x83,
    0x83, 0x00, 0x00, 0x00
    },
    {
    0x00, 0x81, 0xC3, 0x66, 0x64, 0x3C, 0x18, 0x18, 0x3C, 0x6C, 0x66, 0xC3,
    0x83, 0x00, 0x00, 0x00
    },
    {
    0x00, 0x81, 0xC3, 0xC6, 0x64, 0x3C, 0x38, 0x18, 0x18, 0x18, 0x18, 0x18,
    0x18, 0x00, 0x00, 0x00
    },
    {
    0x00, 0x7E, 0x7E, 0x04, 0x0C, 0x0C, 0x18, 0x18, 0x30, 0x30, 0x60, 0x60,
    0xFE, 0x7E, 0x00, 0x00
    },
    {
    0x1C, 0x1C, 0x18, 0x18, 0x18, 0x18, 0x18, 0x18, 0x18, 0x18, 0x18, 0x18,
    0x18, 0x18, 0x1C, 0x1C
    },
    {
    0x00, 0x80, 0xC0, 0x40, 0x60, 0x20, 0x30, 0x18, 0x18, 0x0C, 0x04, 0x06,
    0x02, 0x03, 0x01, 0x00
    },
    {
    0x78, 0x38, 0x18, 0x18, 0x18, 0x18, 0x18, 0x18, 0x18, 0x18, 0x18, 0x18,
    0x18, 0x18, 0x78, 0x30
    },
    {
    0x00, 0x10, 0x18, 0x3C, 0x2C, 0x66, 0x46, 0xC2, 0x83, 0x81, 0x00, 0x00,
    0x00, 0x00, 0x00, 0x00
    },
    {
    0x00, 0x00, 0x00, 0x00, 0x00, 0x00, 0x00, 0xFF, 0xFF, 0x00, 0x00, 0x00,
    0x00, 0x00, 0x00, 0x00
    },
    {
    0x00, 0x30, 0x18, 0x08, 0x00, 0x00, 0x00, 0x00, 0x00, 0x00, 0x00, 0x00,
    0x00, 0x00, 0x00, 0x00
    },
    {
    0x00, 0x00, 0x00, 0x3D, 0xFF, 0xC3, 0x81, 0x81, 0x81, 0x83, 0xC7, 0x7F,
    0x18, 0x00, 0x00, 0x00
    },
    {
    0x00, 0x80, 0x80, 0x80, 0x98, 0xFE, 0xC3, 0x81, 0x81, 0x81, 0x81, 0xC3,
    0xFF, 0xBC, 0x00, 0x00
    },
    {
    0x00, 0x00, 0x00, 0x3C, 0xFF, 0xC3, 0x80, 0x80, 0x80, 0x80, 0xE7, 0x7E,
    0x00, 0x00, 0x00, 0x00
    },
    {
    0x00, 0x01, 0x01, 0x01, 0x19, 0x7F, 0xC7, 0x83, 0x81, 0x81, 0x81, 0xC3,
    0xFF, 0x3D, 0x00, 0x00
    },
    {
    0x00, 0x00, 0x00, 0x3C, 0xFE, 0xC3, 0x83, 0xFF, 0x80, 0x83, 0xC7, 0x7C,
    0x00, 0x00, 0x00, 0x00
    },
    {
    0x00, 0x0C, 0x1C, 0x18, 0x18, 0x3C, 0x18, 0x18, 0x18, 0x18, 0x18, 0x18,
    0x18, 0x10, 0x00, 0x00
    },
    {
    0x00, 0x00, 0x3D, 0xFF, 0xC3, 0x81, 0x81, 0x81, 0x83, 0xFF, 0x7D, 0x81,
    0xC7, 0x7E, 0x00, 0x00
    },
    {
    0x00, 0x80, 0xC0, 0xC0, 0xC8, 0xFE, 0xE3, 0xC3, 0xC3, 0xC3, 0xC3, 0xC3,
    0xC3, 0x81, 0x00, 0x00
    },
    {
    0x00, 0x00, 0x18, 0x08, 0x00, 0x18, 0x18, 0x18, 0x18, 0x18, 0x18, 0x18,
    0x18, 0x08, 0x00, 0x00
    },
    {
    0x10, 0x18, 0x10, 0x00, 0x18, 0x18, 0x18, 0x18, 0x18, 0x18, 0x18, 0x18,
    0x18, 0x18, 0x30, 0x00
    },
    {
    0x00, 0x40, 0xC0, 0xC0, 0xC0, 0xC6, 0xCC, 0xF8, 0xF0, 0xF0, 0xF8, 0xCC,
    0xC6, 0x42, 0x00, 0x00
    },
    {
    0x00, 0x08, 0x18, 0x18, 0x18, 0x18, 0x18, 0x18, 0x18, 0x18, 0x18, 0x18,
    0x18, 0x08, 0x00, 0x00
    },
    {
    0x00, 0x00, 0x00, 0xE3, 0xFF, 0x18, 0x18, 0x18, 0x18, 0x18, 0x18, 0x18,
    0x00, 0x00, 0x00, 0x00
    },
    {
    0x00, 0x00, 0x00, 0x9C, 0xFE, 0xC3, 0xC3, 0xC3, 0xC3, 0xC3, 0xC3, 0xC3,
    0x00, 0x00, 0x00, 0x00
    },
    {
    0x00, 0x00, 0x00, 0x3C, 0xFE, 0xC3, 0x81, 0x81, 0x81, 0x83, 0xC7, 0x7E,
    0x00, 0x00, 0x00, 0x00
    },
    {
    0x00, 0x00, 0xBC, 0xFF, 0xC3, 0x81, 0x81, 0x81, 0xC1, 0xE3, 0xBE, 0x80,
    0x80, 0x80, 0x00, 0x00
    },
    {
    0x00, 0x00, 0x7D, 0xFF, 0xC3, 0x81, 0x81, 0x81, 0x83, 0xC7, 0x7D, 0x01,
    0x01, 0x01, 0x00, 0x00
    },
    {
    0x00, 0x00, 0x00, 0x3C, 0x3C, 0x30, 0x30, 0x30, 0x30, 0x30, 0x30, 0x30,
    0x00, 0x00, 0x00, 0x00
    },
    {
    0x00, 0x00, 0x00, 0x3C, 0x3E, 0x20, 0x30, 0x1C, 0x0C, 0x06, 0x66, 0x3C,
    0x18, 0x00, 0x00, 0x00
    },
    {
    0x00, 0x10, 0x18, 0x18, 0x18, 0x7C, 0x18, 0x18, 0x18, 0x18, 0x18, 0x18,
    0x1C, 0x1C, 0x00, 0x00
    },
    {
    0x00, 0x00, 0x00, 0x83, 0x83, 0x83, 0x83, 0x83, 0x83, 0xC7, 0xEF, 0x7B,
    0x00, 0x00, 0x00, 0x00
    },
    {
    0x00, 0x00, 0x00, 0xC3, 0xC3, 0x46, 0x66, 0x24, 0x3C, 0x18, 0x18, 0x18,
    0x00, 0x00, 0x00, 0x00
    },
    {
    0x00, 0x00, 0x00, 0x10, 0x18, 0x38, 0x39, 0x6D, 0xE7, 0xC7, 0xC6, 0x82,
    0x00, 0x00, 0x00, 0x00
    },
    {
    0x00, 0x00, 0x00, 0x46, 0x64, 0x3C, 0x18, 0x18, 0x3C, 0x64, 0xC6, 0xC2,
    0x00, 0x00, 0x00, 0x00
    },
    {
    0x00, 0x00, 0x83, 0xC3, 0x46, 0x66, 0x24, 0x3C, 0x38, 0x18, 0x10, 0x30,
    0x20, 0x20, 0x00, 0x00
    },
    {
    0x00, 0x00, 0x00, 0x7E, 0x0E, 0x0C, 0x18, 0x18, 0x30, 0x20, 0x7E, 0x7E,
    0x00, 0x00, 0x00, 0x00
    },
    {
    0x04, 0x1C, 0x18, 0x18, 0x18, 0x18, 0x18, 0x70, 0x70, 0x18, 0x18, 0x18,
    0x18, 0x18, 0x1C, 0x0C
    },
    {
    0x10, 0x18, 0x18, 0x18, 0x18, 0x18, 0x18, 0x18, 0x18, 0x18, 0x18, 0x18,
    0x18, 0x18, 0x18, 0x10
    },
    {
    0x20, 0x70, 0x18, 0x18, 0x18, 0x18, 0x18, 0x0C, 0x0C, 0x18, 0x18, 0x18,
    0x18, 0x18, 0x70, 0x20
    },
    {
    0x00, 0x00, 0x00, 0x00, 0xF9, 0xBF, 0x06, 0x00, 0x00, 0x00, 0x00, 0x00,
    0x00, 0x00, 0x00, 0x00
    }
};

static const uint32_t FONT_ZH_CODEPOINTS[897] = {
    0xB1, 0xB7, 0xD7, 0x2014, 0x2026, 0x2191, 0x2192, 0x2193, 0x21D2, 0x2208, 0x2248, 0x2265, 0x3000, 0x3001, 0x3002, 0x300A,
    0x300B, 0x300C, 0x300D, 0x4E00, 0x4E03, 0x4E09, 0x4E0A, 0x4E0B, 0x4E0D, 0x4E0E, 0x4E14, 0x4E16, 0x4E1A, 0x4E1C, 0x4E22, 0x4E24,
    0x4E2A, 0x4E2D, 0x4E32, 0x4E3A, 0x4E3B, 0x4E3E, 0x4E45, 0x4E48, 0x4E49, 0x4E4B, 0x4E4E, 0x4E5F, 0x4E86, 0x4E8B, 0x4E8C, 0x4E8E,
    0x4E92, 0x4E94, 0x4E95, 0x4E9B, 0x4EA1, 0x4EA4, 0x4EAE, 0x4EBA, 0x4EC0, 0x4EC5, 0x4ECD, 0x4ECE, 0x4ED3, 0x4ED6, 0x4EE3, 0x4EE5,
    0x4EEC, 0x4EF6, 0x4EFB, 0x4EFD, 0x4F18, 0x4F1A, 0x4F20, 0x4F24, 0x4F2A, 0x4F38, 0x4F46, 0x4F4D, 0x4F4E, 0x4F4F, 0x4F53, 0x4F55,
    0x4F59, 0x4F5C, 0x4F60, 0x4F8B, 0x4F9B, 0x4F9D, 0x4FA7, 0x4FBF, 0x4FC3, 0x4FDD, 0x4FE1, 0x4FEE, 0x500D, 0x5019, 0x503C, 0x503E,
    0x504F, 0x505A, 0x505C, 0x5076, 0x50CF, 0x513F, 0x5145, 0x5146, 0x5148, 0x5149, 0x514D, 0x515C, 0x5165, 0x5168, 0x516B, 0x516C,
    0x516D, 0x5171, 0x5173, 0x5176, 0x5177, 0x517C, 0x5185, 0x518D, 0x5192, 0x5199, 0x51B2, 0x51B3, 0x51B7, 0x51BB, 0x51CF, 0x51D1,
    0x51E0, 0x51FA, 0x51FB, 0x5206, 0x5207, 0x5217, 0x5219, 0x521A, 0x521D, 0x5220, 0x5224, 0x5228, 0x522B, 0x522E, 0x5230, 0x5236,
    0x5237, 0x523A, 0x523B, 0x524D, 0x5269, 0x529B, 0x529F, 0x52A0, 0x52A1, 0x52A8, 0x52A9, 0x52B3, 0x52BF, 0x52C9, 0x52FF, 0x5300,
    0x5305, 0x5316, 0x533A, 0x5341, 0x5347, 0x534A, 0x5355, 0x5361, 0x5371, 0x5373, 0x5374, 0x5386, 0x538B, 0x539F, 0x53A2, 0x53BB,
    0x53C2, 0x53C8, 0x53CA, 0x53CC, 0x53CD, 0x53D1, 0x53D6, 0x53D8, 0x53E0, 0x53E3, 0x53E5, 0x53E6, 0x53EA, 0x53EB, 0x53EF, 0x53F0,
    0x53F2, 0x53F3, 0x53F7, 0x5403, 0x5404, 0x5408, 0x5409, 0x540C, 0x540D, 0x540E, 0x5411, 0x541E, 0x5426, 0x542B, 0x542C, 0x542F,
    0x5438, 0x544A, 0x5450, 0x5473, 0x547C, 0x547D, 0x548C, 0x54AC, 0x54C1, 0x54CD, 0x54D1, 0x54EA, 0x552F, 0x5582, 0x558A, 0x5668,
    0x566A, 0x56DB, 0x56DE, 0x56E0, 0x56F0, 0x56F4, 0x56FA, 0x56FE, 0x5706, 0x5708, 0x5728, 0x5730, 0x573A, 0x5747, 0x574F, 0x5757,
    0x5760, 0x578B, 0x57AB, 0x57FA, 0x5806, 0x5835, 0x585E, 0x586B, 0x5883, 0x589E, 0x58C1, 0x58F0, 0x5904, 0x5907, 0x590D, 0x5916,
    0x591A, 0x5927, 0x5929, 0x592A, 0x5931, 0x5934, 0x594F, 0x5954, 0x5957, 0x5979, 0x597D, 0x5982, 0x59CB, 0x5B50, 0x5B57, 0x5B58,
    0x5B83, 0x5B89, 0x5B8C, 0x5B98, 0x5B9A, 0x5B9B, 0x5B9E, 0x5BA4, 0x5BB3, 0x5BB6, 0x5BB9, 0x5BBD, 0x5BF9, 0x5BFB, 0x5BFC, 0x5C04,
    0x5C0F, 0x5C11, 0x5C14, 0x5C1A, 0x5C1D, 0x5C31, 0x5C3D, 0x5C3E, 0x5C40, 0x5C42, 0x5C45, 0x5C4F, 0x5C55, 0x5C5E, 0x5DE5, 0x5DE6,
    0x5DEE, 0x5DF1, 0x5DF2, 0x5E03, 0x5E0C, 0x5E26, 0x5E27, 0x5E2D, 0x5E38, 0x5E42, 0x5E55, 0x5E73, 0x5E76, 0x5E78, 0x5E8F, 0x5E93,
    0x5E94, 0x5E95, 0x5EA6, 0x5ED3, 0x5EF6, 0x5EFA, 0x5F00, 0x5F02, 0x5F03, 0x5F0F, 0x5F15, 0x5F20, 0x5F26, 0x5F31, 0x5F3A, 0x5F52,
    0x5F53, 0x5F55, 0x5F62, 0x5F69, 0x5F71, 0x5F80, 0x5F84, 0x5F85, 0x5F88, 0x5F8B, 0x5F97, 0x5FAA, 0x5FAE, 0x5FC3, 0x5FC5, 0x5FC6,
    0x5FD7, 0x5FEB, 0x5FFD, 0x6001, 0x600E, 0x6016, 0x6027, 0x603B, 0x6050, 0x6062, 0x606F, 0x6070, 0x6089, 0x60AC, 0x60C5, 0x60E7,
    0x60F0, 0x60F3, 0x610F, 0x611F, 0x6162, 0x61C2, 0x620F, 0x6210, 0x6211, 0x6216, 0x6233, 0x6237, 0x6240, 0x6247, 0x624B, 0x624D,
    0x6253, 0x6263, 0x6267, 0x6269, 0x626B, 0x627E, 0x628A, 0x6295, 0x6296, 0x6298, 0x62A5, 0x62AC, 0x62C9, 0x62CD, 0x62D2, 0x62D6,
    0x62DF, 0x62E7, 0x62E9, 0x62FC, 0x62FF, 0x6301, 0x6307, 0x6309, 0x632F, 0x6342, 0x635F, 0x6362, 0x636E, 0x6389, 0x638F, 0x6392,
    0x63A2, 0x63A5, 0x63A7, 0x63A8, 0x63CF, 0x63D0, 0x63E1, 0x63ED, 0x6446, 0x6447, 0x644A, 0x6454, 0x6469, 0x6478, 0x6491, 0x6495,
    0x649E, 0x64AD, 0x64CD, 0x64E6, 0x6539, 0x653E, 0x6545, 0x6548, 0x6563, 0x6570, 0x6572, 0x6574, 0x6587, 0x6599, 0x65A5, 0x65AD,
    0x65B0, 0x65B9, 0x65CB, 0x65E0, 0x65E2, 0x65E5, 0x65E7, 0x65E9, 0x65F6, 0x660E, 0x6620, 0x662F, 0x663E, 0x6643, 0x665A, 0x6668,
    0x666F, 0x6670, 0x667A, 0x6682, 0x6697, 0x66F4, 0x66FE, 0x66FF, 0x6700, 0x6709, 0x670D, 0x671B, 0x671D, 0x671F, 0x672A, 0x672B,
    0x672C, 0x6735, 0x673A, 0x6742, 0x6750, 0x675F, 0x6761, 0x6765, 0x677E, 0x677F, 0x6784, 0x679A, 0x679C, 0x67C4, 0x67D0, 0x67D3,
    0x67E5, 0x6807, 0x680B, 0x680F, 0x6837, 0x6838, 0x683C, 0x6846, 0x6848, 0x6863, 0x68AF, 0x68B0, 0x68C0, 0x697C, 0x6982, 0x69FD,
    0x6A21, 0x6B21, 0x6B3A, 0x6B62, 0x6B63, 0x6B64, 0x6B65, 0x6B7B, 0x6B8A, 0x6B8B, 0x6BB5, 0x6BCF, 0x6BD4, 0x6BEB, 0x6C14, 0x6C1B,
    0x6C38, 0x6C42, 0x6C89, 0x6CA1, 0x6CD5, 0x6CDB, 0x6CE2, 0x6CE8, 0x6D3B, 0x6D41, 0x6D4B, 0x6D4F, 0x6D6E, 0x6D88, 0x6DE1, 0x6DF1,
    0x6DF7, 0x6E05, 0x6E32, 0x6E38, 0x6E90, 0x6EE1, 0x6F02, 0x6F14, 0x704C, 0x706D, 0x706F, 0x70B9, 0x70C1, 0x70DF, 0x7136, 0x7167,
    0x719F, 0x7247, 0x7248, 0x7269, 0x7279, 0x72B6, 0x72EC, 0x72F1, 0x732E, 0x7387, 0x73A9, 0x73AF, 0x73B0, 0x73C0, 0x7406, 0x7425,
    0x751F, 0x7528, 0x7531, 0x7535, 0x753B, 0x754C, 0x7559, 0x7565, 0x75B2, 0x767D, 0x7684, 0x76AE, 0x76D1, 0x76D6, 0x76D8, 0x76EF,
    0x76F4, 0x76F8, 0x7701, 0x770B, 0x771F, 0x7740, 0x77AC, 0x77E5, 0x77ED, 0x7801, 0x7834, 0x786C, 0x786E, 0x788E, 0x78B0, 0x78E8,
    0x793A, 0x79BB, 0x79CD, 0x79D2, 0x79EF, 0x79FB, 0x7A0B, 0x7A33, 0x7A76, 0x7A7A, 0x7A7F, 0x7A81, 0x7A84, 0x7A97, 0x7ACB, 0x7AD9,
    0x7ADF, 0x7AEF, 0x7B11, 0x7B14, 0x7B26, 0x7B2C, 0x7B49, 0x7B54, 0x7B56, 0x7B7E, 0x7B97, 0x7C7B, 0x7CAE, 0x7CBE, 0x7CCA, 0x7D20,
    0x7D22, 0x7D27, 0x7D2F, 0x7EA6, 0x7EA7, 0x7EAF, 0x7EB3, 0x7EB5, 0x7EB8, 0x7EB9, 0x7EBF, 0x7EC4, 0x7EC6, 0x7EC8, 0x7ECF, 0x7ED3,
    0x7ED5, 0x7ED8, 0x7ED9, 0x7EDD, 0x7EDF, 0x7EE7, 0x7EEA, 0x7EED, 0x7EF3, 0x7EF4, 0x7EF7, 0x7F06, 0x7F13, 0x7F16, 0x7F1D, 0x7F3A,
    0x7F6E, 0x7FFB, 0x8001, 0x8003, 0x8005, 0x800C, 0x8017, 0x8026, 0x8033, 0x8046, 0x804A, 0x804C, 0x8054, 0x8089, 0x80CC, 0x80DC,
    0x80FD, 0x810F, 0x811A, 0x81EA, 0x81F3, 0x81F4, 0x8272, 0x8282, 0x82B1, 0x82E5, 0x8361, 0x83DC, 0x843D, 0x853D, 0x8584, 0x85CF,
    0x865A, 0x867D, 0x86CB, 0x87BA, 0x884C, 0x8861, 0x8863, 0x8865, 0x8868, 0x88AB, 0x88C1, 0x88C2, 0x88F8, 0x897F, 0x8981, 0x8986,
    0x89C1, 0x89C4, 0x89C6, 0x89C8, 0x89C9, 0x89D2, 0x89E3, 0x89E6, 0x8A00, 0x8BA1, 0x8BA4, 0x8BA9, 0x8BB0, 0x8BBE, 0x8BBF, 0x8BC1,
    0x8BC6, 0x8BD1, 0x8BD5, 0x8BDD, 0x8BE2, 0x8BE5, 0x8BE6, 0x8BED, 0x8BEF, 0x8BF4, 0x8BF7, 0x8BFB, 0x8C01, 0x8C03, 0x8C0E, 0x8C10,
    0x8D21, 0x8D23, 0x8D25, 0x8D34, 0x8D39, 0x8D44, 0x8D56, 0x8D70, 0x8D77, 0x8D85, 0x8D8A, 0x8D9F, 0x8DB3, 0x8DDD, 0x8DDF, 0x8DE8,
    0x8DEF, 0x8DF3, 0x8E2A, 0x8EAB, 0x8EB2, 0x8F6C, 0x8F6E, 0x8F6F, 0x8F7B, 0x8F7D, 0x8F7F, 0x8F83, 0x8F85, 0x8F91, 0x8F93, 0x8FA8,
    0x8FB9, 0x8FBE, 0x8FC7, 0x8FD0, 0x8FD1, 0x8FD4, 0x8FD8, 0x8FD9, 0x8FDB, 0x8FDC, 0x8FDE, 0x8FDF, 0x8FF0, 0x8FF9, 0x8FFD, 0x9003,
    0x9006, 0x9009, 0x900F, 0x9010, 0x9012, 0x9014, 0x901A, 0x901F, 0x903B, 0x903C, 0x9047, 0x904D, 0x9053, 0x906D, 0x907F, 0x90A3,
    0x90E8, 0x90FD, 0x914D, 0x9192, 0x91C7, 0x91CC, 0x91CD, 0x91CF, 0x91D1, 0x9488, 0x9489, 0x949D, 0x94A2, 0x94AE, 0x94C1, 0x94C6,
    0x9501, 0x9508, 0x9519, 0x952E, 0x955C, 0x957F, 0x95E8, 0x95EA, 0x95ED, 0x95EE, 0x95F4, 0x95F7, 0x95FB, 0x9605, 0x9608, 0x961F,
    0x9631, 0x9635, 0x9636, 0x963B, 0x964D, 0x9650, 0x9664, 0x9669, 0x9677, 0x968F, 0x9694, 0x9699, 0x96C6, 0x96F6, 0x9700, 0x9732,
    0x9759, 0x975E, 0x9760, 0x9762, 0x97F3, 0x9876, 0x9879, 0x987A, 0x987B, 0x9886, 0x9891, 0x9898, 0x989D, 0x98CE, 0x98D8, 0x98DF,
    0x997F, 0x9996, 0x9A71, 0x9A97, 0x9AD8, 0x9B54, 0x9C9C, 0x9ED1, 0x9ED8, 0x9F50, 0xFF08, 0xFF09, 0xFF0C, 0xFF1A, 0xFF1B, 0xFF1D,
    0xFF1F
};

static const uint8_t FONT_ZH_BITMAP[897][32] = {
    {
    0x00, 0x00, 0x00, 0x80, 0x01, 0x80, 0x01, 0x80, 0x01, 0x80, 0x1F, 0xF8,
    0x01, 0x80, 0x01, 0x80, 0x01, 0x80, 0x01, 0x80, 0x00, 0x00, 0x1F, 0xF8,
    0x1F, 0xF8, 0x00, 0x00, 0x00, 0x00, 0x00, 0x00
    },
    {
    0x00, 0x00, 0x00, 0x00, 0x00, 0x00, 0x00, 0x00, 0x10, 0x00, 0x38, 0x00,
    0x10, 0x00, 0x00, 0x00, 0x00, 0x00, 0x00, 0x00, 0x00, 0x00, 0x00, 0x00,
    0x00, 0x00, 0x00, 0x00, 0x00, 0x00, 0x00, 0x00
    },
    {
    0x00, 0x00, 0x00, 0x00, 0x10, 0x18, 0x18, 0x30, 0x0C, 0x60, 0x06, 0xC0,
    0x03, 0x80, 0x03, 0xC0, 0x06, 0x60, 0x0C, 0x30, 0x18, 0x18, 0x00, 0x00,
    0x00, 0x00, 0x00, 0x00, 0x00, 0x00, 0x00, 0x00
    },
    {
    0x00, 0x00, 0x00, 0x00, 0x00, 0x00, 0x00, 0x00, 0xFF, 0xFF, 0x00, 0x00,
    0x00, 0x00, 0x00, 0x00, 0x00, 0x00, 0x00, 0x00, 0x00, 0x00, 0x00, 0x00,
    0x00, 0x00, 0x00, 0x00, 0x00, 0x00, 0x00, 0x00
    },
    {
    0x00, 0x00, 0x00, 0x00, 0x00, 0x00, 0x00, 0x00, 0x01, 0x00, 0x61, 0x8C,
    0x61, 0x0C, 0x00, 0x00, 0x00, 0x00, 0x00, 0x00, 0x00, 0x00, 0x00, 0x00,
    0x00, 0x00, 0x00, 0x00, 0x00, 0x00, 0x00, 0x00
    },
    {
    0x00, 0x00, 0x01, 0x80, 0x01, 0x80, 0x03, 0xC0, 0x07, 0xE0, 0x07, 0xC0,
    0x01, 0x80, 0x01, 0x80, 0x01, 0x80, 0x01, 0x80, 0x01, 0x80, 0x01, 0x80,
    0x01, 0x80, 0x01, 0x80, 0x01, 0x80, 0x00, 0x00
    },
    {
    0x00, 0x00, 0x00, 0x00, 0x00, 0x00, 0x00, 0x00, 0x00, 0x30, 0x00, 0x3C,
    0x7F, 0xFE, 0x00, 0x3C, 0x00, 0x30, 0x00, 0x00, 0x00, 0x00, 0x00, 0x00,
    0x00, 0x00, 0x00, 0x00, 0x00, 0x00, 0x00, 0x00
    },
    {
    0x00, 0x00, 0x01, 0x80, 0x01, 0x80, 0x01, 0x80, 0x01, 0x80, 0x01, 0x80,
    0x01, 0x80, 0x01, 0x80, 0x01, 0x80, 0x01, 0x80, 0x07, 0xE0, 0x03, 0xC0,
    0x03, 0xC0, 0x01, 0x80, 0x00, 0x80, 0x00, 0x00
    },
    {
    0x00, 0x00, 0x3F, 0x80, 0x7F, 0xC0, 0x60, 0xC0, 0x60, 0xC0, 0x60, 0xC0,
    0x60, 0xC0, 0x60, 0xC0, 0x60, 0xC0, 0x60, 0xC0, 0x67, 0xC0, 0x67, 0xC0,
    0x60, 0xC0, 0x7F, 0xC0, 0x00, 0x00, 0x00, 0x00
    },
    {
    0x00, 0x00, 0x00, 0x00, 0x00, 0xF0, 0x03, 0x80, 0x02, 0x00, 0x06, 0x00,
    0x06, 0x00, 0x07, 0xF0, 0x06, 0x00, 0x06, 0x00, 0x06, 0x00, 0x03, 0x00,
    0x01, 0xF0, 0x00, 0x70, 0x00, 0x00, 0x00, 0x00
    },
    {
    0x00, 0x00, 0x00, 0x00, 0x00, 0x00, 0x04, 0x00, 0x1F, 0x0C, 0x31, 0xF8,
    0x0E, 0x70, 0x1F, 0x8C, 0x31, 0xF8, 0x00, 0x70, 0x00, 0x00, 0x00, 0x00,
    0x00, 0x00, 0x00, 0x00, 0x00, 0x00, 0x00, 0x00
    },
    {
    0x00, 0x00, 0x00, 0x00, 0x00, 0x00, 0x1C, 0x00, 0x07, 0x80, 0x00, 0xF0,
    0x00, 0x18, 0x00, 0xE0, 0x0F, 0x18, 0x18, 0xF0, 0x07, 0x80, 0x18, 0x00,
    0x00, 0x00, 0x00, 0x00, 0x00, 0x00, 0x00, 0x00
    },
    {
    0x00, 0x00, 0x00, 0x00, 0x00, 0x00, 0x00, 0x00, 0x00, 0x00, 0x00, 0x00,
    0x00, 0x00, 0x00, 0x00, 0x00, 0x00, 0x00, 0x00, 0x00, 0x00, 0x00, 0x00,
    0x00, 0x00, 0x00, 0x00, 0x00, 0x00, 0x00, 0x00
    },
    {
    0x00, 0x00, 0x00, 0x00, 0x00, 0x00, 0x00, 0x00, 0x03, 0x00, 0x01, 0x80,
    0x00, 0xC0, 0x00, 0x00, 0x00, 0x00, 0x00, 0x00, 0x00, 0x00, 0x00, 0x00,
    0x00, 0x00, 0x00, 0x00, 0x00, 0x00, 0x00, 0x00
    },
    {
    0x00, 0x00, 0x00, 0x00, 0x00, 0x00, 0x00, 0x00, 0x01, 0x80, 0x02, 0x40,
    0x02, 0x40, 0x03, 0xC0, 0x00, 0x00, 0x00, 0x00, 0x00, 0x00, 0x00, 0x00,
    0x00, 0x00, 0x00, 0x00, 0x00, 0x00, 0x00, 0x00
    },
    {
    0x00, 0x00, 0x00, 0x00, 0x00, 0x00, 0x00, 0x12, 0x00, 0x34, 0x00, 0x6C,
    0x00, 0xD8, 0x00, 0xD8, 0x00, 0x48, 0x00, 0x2C, 0x00, 0x36, 0x00, 0x12,
    0x00, 0x00, 0x00, 0x00, 0x00, 0x00, 0x00, 0x00
    },
    {
    0x00, 0x00, 0x00, 0x00, 0x00, 0x00, 0x6C, 0x00, 0x34, 0x00, 0x12, 0x00,
    0x0B, 0x00, 0x09, 0x00, 0x1B, 0x00, 0x36, 0x00, 0x2C, 0x00, 0x48, 0x00,
    0x00, 0x00, 0x00, 0x00, 0x00, 0x00, 0x00, 0x00
    },
    {
    0x00, 0x00, 0x00, 0x3C, 0x00, 0x3C, 0x00, 0x20, 0x00, 0x20, 0x00, 0x20,
    0x00, 0x20, 0x00, 0x20, 0x00, 0x20, 0x00, 0x20, 0x00, 0x20, 0x00, 0x20,
    0x00, 0x20, 0x00, 0x00, 0x00, 0x00, 0x00, 0x00
    },
    {
    0x00, 0x00, 0x00, 0x00, 0x04, 0x00, 0x04, 0x00, 0x04, 0x00, 0x04, 0x00,
    0x04, 0x00, 0x04, 0x00, 0x04, 0x00, 0x04, 0x00, 0x04, 0x00, 0x04, 0x00,
    0x3C, 0x00, 0x3C, 0x00, 0x00, 0x00, 0x00, 0x00
    },
    {
    0x00, 0x00, 0x00, 0x00, 0x00, 0x00, 0x00, 0x00, 0x00, 0x00, 0x7F, 0xFE,
    0x7F, 0xFE, 0x00, 0x00, 0x00, 0x00, 0x00, 0x00, 0x00, 0x00, 0x00, 0x00,
    0x00, 0x00, 0x00, 0x00, 0x00, 0x00, 0x00, 0x00
    },
    {
    0x00, 0x00, 0x03, 0x00, 0x03, 0x00, 0x03, 0x00, 0x03, 0x06, 0x03, 0x7E,
    0x07, 0xE0, 0x7F, 0x00, 0x63, 0x00, 0x03, 0x00, 0x03, 0x00, 0x03, 0x06,
    0x03, 0x06, 0x03, 0xFC, 0x01, 0xF8, 0x00, 0x00
    },
    {
    0x00, 0x00, 0x00, 0x00, 0x3F, 0xFC, 0x3F, 0xFC, 0x00, 0x00, 0x00, 0x00,
    0x00, 0x00, 0x1F, 0xF8, 0x1F, 0xF0, 0x00, 0x00, 0x00, 0x00, 0x00, 0x00,
    0x7F, 0xFE, 0x3F, 0xFC, 0x00, 0x00, 0x00, 0x00
    },
    {
    0x00, 0x00, 0x01, 0x00, 0x03, 0x00, 0x03, 0x00, 0x03, 0x00, 0x03, 0xFC,
    0x03, 0xFC, 0x03, 0x00, 0x03, 0x00, 0x03, 0x00, 0x03, 0x00, 0x03, 0x00,
    0x03, 0x00, 0x7F, 0xFE, 0x7F, 0xFE, 0x00, 0x00
    },
    {
    0x00, 0x00, 0x7F, 0xFE, 0x7F, 0xFE, 0x01, 0x00, 0x01, 0x00, 0x01, 0x60,
    0x01, 0x70, 0x01, 0x38, 0x01, 0x1C, 0x01, 0x0C, 0x01, 0x00, 0x01, 0x00,
    0x01, 0x00, 0x01, 0x00, 0x01, 0x00, 0x00, 0x00
    },
    {
    0x00, 0x00, 0x7F, 0xFE, 0x7F, 0xFE, 0x00, 0xC0, 0x01, 0x80, 0x01, 0x80,
    0x03, 0xB0, 0x07, 0x98, 0x1D, 0x8C, 0x79, 0x86, 0x71, 0x86, 0x01, 0x80,
    0x01, 0x80, 0x01, 0x80, 0x01, 0x80, 0x00, 0x00
    },
    {
    0x08, 0x00, 0x0C, 0x00, 0x0C, 0x00, 0x0F, 0xFC, 0x08, 0x00, 0x08, 0x00,
    0x0F, 0xFC, 0x0F, 0xFC, 0x00, 0x0C, 0x00, 0x0C, 0x3F, 0xEC, 0x3F, 0xEC,
    0x00, 0x08, 0x00, 0x78, 0x00, 0x70, 0x00, 0x00
    },
    {
    0x00, 0x00, 0x00, 0x00, 0x1F, 0xF0, 0x18, 0x10, 0x18, 0x10, 0x1F, 0xF0,
    0x1F, 0xF0, 0x18, 0x10, 0x18, 0x10, 0x1F, 0xF0, 0x18, 0x10, 0x18, 0x10,
    0x18, 0x18, 0x7F, 0xFE, 0x00, 0x00, 0x00, 0x00
    },
    {
    0x00, 0x00, 0x03, 0x10, 0x1B, 0x10, 0x1B, 0x10, 0x13, 0x10, 0x7F, 0xFE,
    0x7F, 0xFE, 0x13, 0x10, 0x1B, 0x10, 0x1B, 0x10, 0x1B, 0xF0, 0x19, 0xF0,
    0x10, 0x00, 0x1F, 0xFC, 0x1F, 0xFC, 0x00, 0x00
    },
    {
    0x00, 0x00, 0x06, 0x40, 0x06, 0x40, 0x06, 0x40, 0x26, 0x4C, 0x26, 0x4C,
    0x36, 0x4C, 0x36, 0x48, 0x16, 0x58, 0x1E, 0x58, 0x06, 0x40, 0x06, 0x40,
    0x06, 0x40, 0x7F, 0xFE, 0x00, 0x00, 0x00, 0x00
    },
    {
    0x00, 0x00, 0x03, 0x00, 0x03, 0x04, 0x7F, 0xFE, 0x06, 0x00, 0x0C, 0x80,
    0x0C, 0x80, 0x18, 0x80, 0x3F, 0xFC, 0x10, 0x80, 0x00, 0x90, 0x1C, 0x9C,
    0x38, 0x8E, 0x71, 0x86, 0x03, 0x80, 0x01, 0x00
    },
    {
    0x00, 0x00, 0x00, 0x38, 0x3F, 0xF8, 0x01, 0x80, 0x01, 0x80, 0x3F, 0xFC,
    0x01, 0x80, 0x01, 0x80, 0x7F, 0xFE, 0x7F, 0xFE, 0x03, 0x20, 0x06, 0x30,
    0x1C, 0x18, 0x3F, 0xFC, 0x1C, 0x04, 0x00, 0x00
    },
    {
    0x00, 0x00, 0x7F, 0xFE, 0x7F, 0xFE, 0x02, 0x40, 0x3F, 0xFC, 0x3F, 0xFC,
    0x36, 0x4C, 0x36, 0x4C, 0x37, 0xEC, 0x3D, 0xFC, 0x3C, 0x8C, 0x31, 0x8C,
    0x30, 0x0C, 0x30, 0x1C, 0x00, 0x10, 0x00, 0x00
    },
    {
    0x00, 0x00, 0x01, 0x80, 0x03, 0x80, 0x02, 0xC0, 0x06, 0x60, 0x0C, 0x38,
    0x39, 0x9E, 0x71, 0x86, 0x01, 0x80, 0x01, 0x80, 0x01, 0x80, 0x01, 0x80,
    0x01, 0x80, 0x01, 0x80, 0x01, 0x80, 0x01, 0x00
    },
    {
    0x01, 0x80, 0x01, 0x80, 0x01, 0x80, 0x21, 0x80, 0x3F, 0xFC, 0x31, 0x8C,
    0x31, 0x8C, 0x31, 0x8C, 0x31, 0x8C, 0x3F, 0xFC, 0x31, 0x8C, 0x01, 0x80,
    0x01, 0x80, 0x01, 0x80, 0x01, 0x80, 0x00, 0x00
    },
    {
    0x01, 0x80, 0x01, 0x80, 0x1F, 0xF8, 0x3F, 0xFC, 0x31, 0x8C, 0x3F, 0xFC,
    0x1F, 0xF8, 0x01, 0x80, 0x3F, 0xFC, 0x31, 0x8C, 0x21, 0x84, 0x3F, 0xFC,
    0x3F, 0xFC, 0x21, 0x80, 0x01, 0x80, 0x01, 0x80
    },
    {
    0x00, 0x00, 0x0C, 0xC0, 0x0C, 0xC0, 0x06, 0xC0, 0x00, 0xC0, 0x3F, 0xFE,
    0x00, 0x86, 0x01, 0x84, 0x01, 0x84, 0x03, 0x64, 0x03, 0x6C, 0x06, 0x0C,
    0x1C, 0x0C, 0x38, 0x3C, 0x30, 0x38, 0x00, 0x00
    },
    {
    0x00, 0x00, 0x01, 0x80, 0x01, 0x80, 0x00, 0x80, 0x3F, 0xFC, 0x01, 0x80,
    0x01, 0x80, 0x01, 0x80, 0x1F, 0xF8, 0x01, 0x80, 0x01, 0x80, 0x01, 0x80,
    0x01, 0x80, 0x7F, 0xFE, 0x3F, 0xFC, 0x00, 0x00
    },
    {
    0x01, 0x00, 0x11, 0x98, 0x19, 0x98, 0x08, 0x30, 0x7F, 0xFE, 0x7F, 0xFE,
    0x0C, 0x30, 0x19, 0x98, 0x3F, 0xFE, 0x6F, 0xF6, 0x01, 0x80, 0x3F, 0xFC,
    0x3F, 0xFC, 0x01, 0x80, 0x01, 0x80, 0x01, 0x80
    },
    {
    0x00, 0x00, 0x06, 0x00, 0x06, 0x00, 0x0F, 0xE0, 0x0F, 0xE0, 0x18, 0x60,
    0x18, 0xC0, 0x30, 0xC0, 0x01, 0xC0, 0x01, 0xE0, 0x03, 0x60, 0x0E, 0x38,
    0x1C, 0x1C, 0x78, 0x0E, 0x60, 0x04, 0x00, 0x00
    },
    {
    0x00, 0x00, 0x03, 0x00, 0x03, 0x00, 0x06, 0x00, 0x04, 0x60, 0x0C, 0x60,
    0x18, 0xC0, 0x30, 0xC0, 0x31, 0x80, 0x03, 0x00, 0x06, 0x30, 0x0C, 0x18,
    0x1D, 0xFC, 0x3F, 0xFC, 0x00, 0x04, 0x00, 0x00
    },
    {
    0x01, 0x00, 0x01, 0x00, 0x11, 0x8C, 0x19, 0x98, 0x18, 0x98, 0x08, 0x30,
    0x0C, 0x30, 0x04, 0x60, 0x06, 0x60, 0x03, 0xC0, 0x03, 0x80, 0x07, 0xE0,
    0x1E, 0x7C, 0x78, 0x1E, 0x60, 0x04, 0x00, 0x00
    },
    {
    0x00, 0x00, 0x01, 0x80, 0x01, 0x80, 0x00, 0x80, 0x3F, 0xFC, 0x3F, 0xFC,
    0x00, 0x30, 0x00, 0x60, 0x01, 0xC0, 0x03, 0x80, 0x07, 0x00, 0x1C, 0x00,
    0x7E, 0x00, 0x63, 0xFE, 0x00, 0xFC, 0x00, 0x00
    },
    {
    0x00, 0x00, 0x01, 0xF8, 0x3F, 0xE0, 0x39, 0x80, 0x09, 0x98, 0x0D, 0x98,
    0x09, 0x90, 0x7F, 0xFE, 0x7F, 0xFE, 0x01, 0x80, 0x01, 0x80, 0x01, 0x80,
    0x01, 0x80, 0x03, 0x80, 0x03, 0x80, 0x00, 0x00
    },
    {
    0x00, 0x80, 0x01, 0x80, 0x01, 0x80, 0x19, 0x8C, 0x19, 0xFC, 0x1F, 0xC8,
    0x3F, 0x88, 0x78, 0x88, 0x19, 0x98, 0x19, 0xB8, 0x19, 0xB0, 0x19, 0x80,
    0x18, 0x06, 0x1F, 0xFE, 0x0F, 0xFC, 0x00, 0x00
    },
    {
    0x00, 0x00, 0x3F, 0xFC, 0x3F, 0xFC, 0x00, 0x38, 0x00, 0xE0, 0x01, 0xC0,
    0x01, 0x80, 0x01, 0x80, 0x01, 0x80, 0x01, 0x80, 0x01, 0x80, 0x01, 0x80,
    0x01, 0x80, 0x07, 0x80, 0x02, 0x00, 0x00, 0x00
    },
    {
    0x01, 0x80, 0x01, 0x80, 0x7F, 0xFE, 0x01, 0x80, 0x1F, 0xF8, 0x11, 0x88,
    0x1F, 0xF8, 0x01, 0x80, 0x3F, 0xFC, 0x01, 0x8C, 0x7F, 0xFE, 0x3F, 0xFC,
    0x3F, 0xFC, 0x01, 0x84, 0x07, 0x00, 0x02, 0x00
    },
    {
    0x00, 0x00, 0x00, 0x00, 0x1F, 0xF8, 0x1F, 0xF8, 0x00, 0x00, 0x00, 0x00,
    0x00, 0x00, 0x00, 0x00, 0x00, 0x00, 0x00, 0x00, 0x00, 0x00, 0x7F, 0xFE,
    0x7F, 0xFE, 0x00, 0x00, 0x00, 0x00, 0x00, 0x00
    },
    {
    0x00, 0x00, 0x3F, 0xFC, 0x1F, 0xF8, 0x01, 0x80, 0x01, 0x80, 0x01, 0x80,
    0x7F, 0xFE, 0x7F, 0xFE, 0x01, 0x80, 0x01, 0x80, 0x01, 0x80, 0x01, 0x80,
    0x01, 0x80, 0x07, 0x80, 0x03, 0x80, 0x00, 0x00
    },
    {
    0x00, 0x00, 0x00, 0x00, 0x3F, 0xFC, 0x06, 0x00, 0x06, 0x00, 0x07, 0xF0,
    0x07, 0xF0, 0x0C, 0x10, 0x0C, 0x30, 0x0F, 0xF0, 0x0E, 0x30, 0x00, 0x30,
    0x00, 0x30, 0x7F, 0xFE, 0x00, 0x00, 0x00, 0x00
    },
    {
    0x00, 0x00, 0x00, 0x00, 0x3F, 0xFC, 0x3F, 0xFC, 0x03, 0x00, 0x03, 0x00,
    0x1F, 0xF0, 0x1F, 0xF8, 0x03, 0x10, 0x02, 0x10, 0x06, 0x10, 0x06, 0x10,
    0x7F, 0xFE, 0x7F, 0xFE, 0x00, 0x00, 0x00, 0x00
    },
    {
    0x04, 0x20, 0x04, 0x30, 0x04, 0x30, 0x04, 0x30, 0x3F, 0xFE, 0x04, 0x30,
    0x04, 0x30, 0x04, 0x20, 0x7F, 0xFE, 0x7F, 0xFE, 0x0C, 0x20, 0x0C, 0x30,
    0x08, 0x30, 0x18, 0x30, 0x30, 0x30, 0x00, 0x20
    },
    {
    0x00, 0x00, 0x04, 0x40, 0x06, 0x40, 0x34, 0x4C, 0x37, 0x78, 0x36, 0x60,
    0x34, 0x40, 0x37, 0x46, 0x7F, 0x7E, 0x70, 0x3C, 0x00, 0x00, 0x1F, 0xF0,
    0x00, 0x00, 0x3F, 0xFC, 0x7F, 0xFC, 0x00, 0x00
    },
    {
    0x00, 0x00, 0x01, 0x80, 0x01, 0x80, 0x00, 0x80, 0x7F, 0xFE, 0x7F, 0xFE,
    0x08, 0x00, 0x08, 0x00, 0x08, 0x00, 0x08, 0x00, 0x08, 0x00, 0x08, 0x00,
    0x0C, 0x00, 0x0F, 0xFC, 0x07, 0xFC, 0x00, 0x00
    },
    {
    0x00, 0x00, 0x01, 0x80, 0x01, 0x80, 0x7F, 0xFE, 0x3F, 0xFE, 0x06, 0x30,
    0x1C, 0x18, 0x3C, 0x2C, 0x36, 0x74, 0x06, 0x60, 0x03, 0xC0, 0x03, 0xC0,
    0x07, 0xF0, 0x3E, 0x3E, 0x38, 0x0C, 0x00, 0x00
    },
    {
    0x00, 0x80, 0x01, 0x80, 0x7F, 0xFE, 0x00, 0x00, 0x1F, 0xF8, 0x18, 0x18,
    0x1F, 0xF8, 0x00, 0x00, 0x3F, 0xFE, 0x64, 0x46, 0x26, 0x40, 0x06, 0x40,
    0x0C, 0x46, 0x7C, 0x7E, 0x70, 0x38, 0x00, 0x00
    },
    {
    0x00, 0x00, 0x01, 0x80, 0x01, 0x80, 0x01, 0x80, 0x01, 0x80, 0x01, 0x80,
    0x01, 0x80, 0x03, 0x80, 0x03, 0xC0, 0x06, 0x40, 0x06, 0x60, 0x0C, 0x30,
    0x18, 0x3C, 0x70, 0x0E, 0x60, 0x04, 0x00, 0x00
    },
    {
    0x00, 0x20, 0x0C, 0x20, 0x18, 0x20, 0x18, 0x20, 0x18, 0x20, 0x3B, 0xFE,
    0x7B, 0xFE, 0x78, 0x20, 0x18, 0x20, 0x18, 0x20, 0x18, 0x20, 0x18, 0x20,
    0x18, 0x20, 0x18, 0x20, 0x18, 0x20, 0x00, 0x00
    },
    {
    0x00, 0x00, 0x0C, 0x00, 0x1B, 0xFC, 0x1B, 0xFC, 0x31, 0x0C, 0x31, 0x88,
    0x71, 0x98, 0x79, 0x98, 0x10, 0x90, 0x10, 0xF0, 0x10, 0x60, 0x10, 0xF0,
    0x11, 0xBC, 0x1F, 0x0E, 0x16, 0x04, 0x00, 0x00
    },
    {
    0x00, 0x00, 0x0C, 0x00, 0x0F, 0xFC, 0x18, 0xCC, 0x18, 0xCC, 0x38, 0xCC,
    0x38, 0xCE, 0x78, 0x8E, 0x58, 0x86, 0x19, 0x86, 0x19, 0x86, 0x19, 0x06,
    0x1B, 0x04, 0x1E, 0x1C, 0x1E, 0x1C, 0x00, 0x00
    },
    {
    0x00, 0x00, 0x0C, 0x30, 0x0C, 0x30, 0x0C, 0x20, 0x0C, 0x20, 0x0C, 0x20,
    0x0C, 0x20, 0x0C, 0x70, 0x0E, 0x70, 0x1B, 0x70, 0x1B, 0xD8, 0x30, 0xD8,
    0x61, 0x8E, 0x67, 0x06, 0x06, 0x00, 0x00, 0x00
    },
    {
    0x01, 0x00, 0x01, 0x80, 0x03, 0x80, 0x06, 0xC0, 0x0C, 0x70, 0x18, 0x38,
    0x70, 0x0E, 0x6F, 0xF6, 0x0C, 0x30, 0x0C, 0x30, 0x0C, 0x30, 0x0C, 0xE0,
    0x0C, 0x0C, 0x0C, 0x0C, 0x0F, 0xF8, 0x00, 0x00
    },
    {
    0x0C, 0x60, 0x1C, 0x60, 0x1B, 0x60, 0x1B, 0x6C, 0x33, 0x7C, 0x33, 0xF4,
    0x7F, 0xE4, 0x5F, 0x64, 0x13, 0x6C, 0x13, 0x7C, 0x13, 0x60, 0x13, 0x62,
    0x13, 0x06, 0x13, 0xFE, 0x10, 0x00, 0x00, 0x00
    },
    {
    0x00, 0x00, 0x0C, 0xD0, 0x18, 0xD8, 0x18, 0xD8, 0x18, 0xC0, 0x38, 0xDE,
    0x3B, 0xFC, 0x7F, 0xC0, 0x78, 0x40, 0x18, 0x40, 0x18, 0x60, 0x18, 0x20,
    0x18, 0x36, 0x18, 0x1E, 0x18, 0x0E, 0x10, 0x00
    },
    {
    0x00, 0x00, 0x00, 0x18, 0x32, 0x18, 0x23, 0x18, 0x23, 0x98, 0x21, 0x98,
    0x20, 0x18, 0x20, 0x10, 0x20, 0x30, 0x26, 0x30, 0x3C, 0x30, 0x38, 0x78,
    0x71, 0xCC, 0x27, 0x86, 0x06, 0x00, 0x00, 0x00
    },
    {
    0x00, 0x00, 0x0C, 0x80, 0x18, 0xDE, 0x18, 0xDE, 0x1B, 0x02, 0x3B, 0x06,
    0x7B, 0x06, 0x7B, 0x06, 0x1B, 0x06, 0x1B, 0x06, 0x1B, 0x06, 0x1B, 0x06,
    0x1B, 0x06, 0x1B, 0x06, 0x1B, 0x0E, 0x00, 0x00
    },
    {
    0x00, 0x00, 0x0C, 0x30, 0x19, 0xB0, 0x19, 0x30, 0x1B, 0x30, 0x3B, 0xFE,
    0x7A, 0x30, 0x7E, 0x30, 0x58, 0x30, 0x1B, 0xFE, 0x1B, 0xFE, 0x18, 0x30,
    0x18, 0x30, 0x18, 0x30, 0x18, 0x30, 0x10, 0x20
    },
    {
    0x00, 0x00, 0x0C, 0x00, 0x19, 0xFC, 0x1B, 0xF0, 0x10, 0x60, 0x30, 0x60,
    0x70, 0x60, 0x77, 0xFE, 0x57, 0xFE, 0x10, 0x60, 0x10, 0x60, 0x10, 0x60,
    0x10, 0x60, 0x13, 0xFE, 0x13, 0xFE, 0x00, 0x00
    },
    {
    0x00, 0x00, 0x18, 0x30, 0x19, 0xF0, 0x11, 0x98, 0x31, 0x08, 0x33, 0x0C,
    0x77, 0xFE, 0x77, 0xFA, 0x10, 0x98, 0x30, 0x98, 0x31, 0x98, 0x31, 0x98,
    0x31, 0x18, 0x33, 0x38, 0x36, 0x30, 0x00, 0x00
    },
    {
    0x00, 0xC0, 0x18, 0xC0, 0x18, 0xD8, 0x10, 0xC8, 0x30, 0xC0, 0x3F, 0xFE,
    0x78, 0xF0, 0x58, 0xA0, 0x18, 0xB0, 0x19, 0xB0, 0x19, 0xB0, 0x19, 0x32,
    0x13, 0x26, 0x1E, 0x3E, 0x1C, 0x1C, 0x00, 0x00
    },
    {
    0x00, 0x00, 0x03, 0x80, 0x03, 0xC0, 0x06, 0x60, 0x0C, 0x30, 0x38, 0x1E,
    0x6F, 0xE6, 0x00, 0x00, 0x00, 0x00, 0x3F, 0xFC, 0x03, 0x00, 0x06, 0x60,
    0x0C, 0x30, 0x1F, 0xF8, 0x1C, 0x08, 0x00, 0x00
    },
    {
    0x00, 0x40, 0x0C, 0x60, 0x18, 0x60, 0x1B, 0xFE, 0x38, 0xC0, 0x38, 0xC0,
    0x7F, 0xFE, 0x58, 0x80, 0x19, 0x80, 0x19, 0xFC, 0x18, 0x1C, 0x18, 0x98,
    0x18, 0xF0, 0x18, 0x30, 0x18, 0x18, 0x10, 0x00
    },
    {
    0x00, 0x00, 0x0C, 0xC0, 0x18, 0xC0, 0x19, 0xFE, 0x11, 0xFE, 0x33, 0x20,
    0x32, 0x60, 0x73, 0xFC, 0x53, 0xFE, 0x10, 0x44, 0x10, 0xC4, 0x10, 0xC4,
    0x11, 0x84, 0x13, 0x9C, 0x17, 0x1C, 0x10, 0x00
    },
    {
    0x00, 0x20, 0x0D, 0x30, 0x19, 0xB0, 0x18, 0x20, 0x1B, 0xFE, 0x3B, 0xFE,
    0x78, 0x66, 0x78, 0x46, 0x18, 0xE6, 0x18, 0xF6, 0x18, 0x96, 0x19, 0x86,
    0x1B, 0x06, 0x1F, 0x1E, 0x1E, 0x1C, 0x10, 0x00
    },
    {
    0x00, 0x20, 0x0C, 0x20, 0x0C, 0x20, 0x1B, 0xFE, 0x1B, 0x26, 0x3B, 0x22,
    0x7B, 0xFE, 0x7B, 0xFE, 0x1B, 0x22, 0x1B, 0xFE, 0x1B, 0xFE, 0x1B, 0x22,
    0x18, 0x20, 0x18, 0x20, 0x18, 0x20, 0x00, 0x20
    },
    {
    0x00, 0x00, 0x08, 0x00, 0x1B, 0xFC, 0x1B, 0x0C, 0x33, 0x04, 0x33, 0x0C,
    0x73, 0xFC, 0x73, 0x0C, 0x13, 0x04, 0x13, 0x0C, 0x13, 0xFC, 0x10, 0x00,
    0x10, 0x00, 0x17, 0xFE, 0x17, 0xFE, 0x00, 0x00
    },
    {
    0x00, 0x00, 0x0C, 0x60, 0x18, 0x20, 0x1B, 0xFE, 0x13, 0xFE, 0x30, 0x00,
    0x71, 0x0C, 0x71, 0x98, 0x11, 0x98, 0x11, 0x98, 0x11, 0x90, 0x10, 0x90,
    0x10, 0x30, 0x17, 0xFF, 0x17, 0xFE, 0x00, 0x00
    },
    {
    0x00, 0x00, 0x18, 0xFC, 0x1B, 0xF0, 0x13, 0x30, 0x33, 0x30, 0x33, 0x30,
    0x73, 0xFE, 0x73, 0x30, 0x13, 0x30, 0x13, 0xD0, 0x13, 0x98, 0x17, 0x1A,
    0x12, 0x0F, 0x37, 0xF6, 0x10, 0x00, 0x00, 0x00
    },
    {
    0x00, 0x00, 0x0C, 0x60, 0x18, 0x60, 0x1B, 0xFE, 0x1B, 0xFE, 0x38, 0x60,
    0x78, 0x60, 0x78, 0x60, 0x1B, 0xFC, 0x18, 0x60, 0x18, 0x60, 0x18, 0x60,
    0x18, 0x60, 0x1F, 0xFE, 0x18, 0x00, 0x00, 0x00
    },
    {
    0x00, 0x00, 0x18, 0x60, 0x18, 0x60, 0x10, 0x40, 0x37, 0xFE, 0x37, 0xFE,
    0x71, 0xF0, 0x71, 0xF0, 0x71, 0x78, 0x33, 0x48, 0x36, 0x4C, 0x37, 0xF6,
    0x3D, 0xF2, 0x30, 0x40, 0x30, 0x60, 0x10, 0x40
    },
    {
    0x00, 0x00, 0x18, 0x00, 0x1F, 0xFF, 0x10, 0x0C, 0x30, 0x0C, 0x33, 0xEC,
    0x72, 0x6C, 0x72, 0x6C, 0x12, 0x6C, 0x12, 0x6C, 0x13, 0xEC, 0x12, 0x6C,
    0x12, 0x0C, 0x30, 0x1C, 0x30, 0x18, 0x00, 0x00
    },
    {
    0x01, 0x80, 0x03, 0x80, 0x03, 0xC0, 0x06, 0x60, 0x1C, 0x38, 0x3F, 0xFE,
    0x67, 0xE6, 0x01, 0x80, 0x01, 0x80, 0x3F, 0xFC, 0x01, 0x80, 0x0D, 0xB0,
    0x19, 0x9C, 0x31, 0x8C, 0x03, 0x80, 0x00, 0x00
    },
    {
    0x00, 0x00, 0x0C, 0xC0, 0x09, 0x80, 0x19, 0xFE, 0x1B, 0xFE, 0x3B, 0x40,
    0x3E, 0xC0, 0x78, 0xFC, 0x58, 0xC0, 0x18, 0xC0, 0x18, 0xC0, 0x18, 0xFE,
    0x18, 0xC0, 0x18, 0xC0, 0x18, 0xC0, 0x00, 0x40
    },
    {
    0x00, 0x00, 0x0C, 0xC0, 0x19, 0x80, 0x19, 0xFE, 0x31, 0xFE, 0x33, 0x06,
    0x76, 0x64, 0x58, 0x60, 0x18, 0x68, 0x1B, 0x6C, 0x1B, 0x64, 0x12, 0x66,
    0x16, 0x62, 0x18, 0x60, 0x10, 0xE0, 0x00, 0x80
    },
    {
    0x00, 0x00, 0x18, 0x06, 0x1F, 0xE6, 0x13, 0x16, 0x33, 0x16, 0x33, 0xD6,
    0x72, 0xD6, 0x76, 0xD6, 0x1F, 0xD6, 0x1D, 0xD6, 0x10, 0x96, 0x11, 0x96,
    0x13, 0x06, 0x16, 0x0E, 0x14, 0x0C, 0x00, 0x00
    },
    {
    0x00, 0x98, 0x0C, 0x98, 0x18, 0x98, 0x18, 0x98, 0x13, 0xFE, 0x33, 0xFE,
    0x70, 0x98, 0x70, 0x98, 0x50, 0x98, 0x17, 0xFF, 0x10, 0x00, 0x10, 0xD8,
    0x11, 0x8C, 0x13, 0x06, 0x16, 0x06, 0x00, 0x00
    },
    {
    0x00, 0x00, 0x18, 0x60, 0x18, 0x60, 0x17, 0xFE, 0x37, 0xFE, 0x31, 0xA0,
    0x71, 0xA4, 0x51, 0xBC, 0x13, 0xB8, 0x17, 0x90, 0x1D, 0x98, 0x11, 0x8C,
    0x11, 0xE6, 0x11, 0xC2, 0x11, 0x00, 0x00, 0x00
    },
    {
    0x00, 0x00, 0x18, 0x06, 0x17, 0xD6, 0x34, 0x5A, 0x35, 0x5A, 0x35, 0x5A,
    0x75, 0x5A, 0x15, 0x5A, 0x15, 0x5A, 0x17, 0x7A, 0x17, 0x5E, 0x13, 0xC6,
    0x16, 0x66, 0x34, 0x0E, 0x10, 0x04, 0x00, 0x00
    },
    {
    0x08, 0x00, 0x1B, 0xFE, 0x1B, 0xFE, 0x10, 0x60, 0x33, 0xFC, 0x32, 0x64,
    0x73, 0xFC, 0x73, 0xFC, 0x12, 0x64, 0x13, 0xFC, 0x13, 0x60, 0x11, 0xC0,
    0x10, 0xE0, 0x13, 0xBE, 0x16, 0x0E, 0x00, 0x00
    },
    {
    0x00, 0x00, 0x09, 0xFC, 0x19, 0xFC, 0x11, 0x04, 0x31, 0x04, 0x31, 0xFC,
    0x71, 0xFC, 0x70, 0x20, 0x13, 0x20, 0x13, 0x3E, 0x13, 0x20, 0x13, 0x20,
    0x17, 0xE0, 0x1C, 0xFE, 0x34, 0x3E, 0x00, 0x00
    },
    {
    0x00, 0x00, 0x19, 0xF8, 0x1B, 0xFC, 0x13, 0x0C, 0x33, 0x0C, 0x33, 0xFC,
    0x70, 0x60, 0x70, 0x60, 0x17, 0xFE, 0x10, 0xF0, 0x11, 0xF0, 0x13, 0x5C,
    0x16, 0x6E, 0x16, 0x66, 0x30, 0x60, 0x00, 0x00
    },
    {
    0x00, 0x20, 0x18, 0x60, 0x18, 0x20, 0x17, 0xFE, 0x30, 0x00, 0x33, 0xFC,
    0x70, 0x00, 0x73, 0xFC, 0x13, 0xFC, 0x10, 0x00, 0x13, 0xFC, 0x13, 0x04,
    0x13, 0x04, 0x13, 0xFC, 0x13, 0x04, 0x00, 0x00
    },
    {
    0x00, 0x00, 0x18, 0xC0, 0x18, 0xFE, 0x11, 0xFE, 0x35, 0xC8, 0x37, 0x78,
    0x75, 0xFE, 0x77, 0xB6, 0x34, 0x70, 0x34, 0xDC, 0x34, 0x30, 0x34, 0xE6,
    0x30, 0x9C, 0x31, 0xF0, 0x31, 0xC0, 0x00, 0x00
    },
    {
    0x00, 0x20, 0x08, 0x60, 0x18, 0x20, 0x13, 0xFE, 0x30, 0x88, 0x31, 0x98,
    0x70, 0x90, 0x77, 0xFE, 0x10, 0x00, 0x11, 0xFC, 0x13, 0xFC, 0x13, 0x04,
    0x13, 0xFC, 0x13, 0xFC, 0x13, 0x04, 0x00, 0x00
    },
    {
    0x00, 0x00, 0x18, 0xF8, 0x10, 0xF8, 0x34, 0x18, 0x35, 0xFE, 0x34, 0x80,
    0x74, 0xFC, 0x75, 0xFC, 0x35, 0x20, 0x35, 0xFE, 0x35, 0xFE, 0x34, 0x70,
    0x30, 0xD8, 0x31, 0xCE, 0x33, 0x06, 0x00, 0x00
    },
    {
    0x00, 0x00, 0x18, 0x60, 0x1F, 0xFE, 0x13, 0xFE, 0x30, 0x40, 0x33, 0xF8,
    0x73, 0xFC, 0x73, 0xFC, 0x13, 0xFC, 0x13, 0xFC, 0x13, 0xFC, 0x13, 0xFC,
    0x13, 0xFC, 0x33, 0x0C, 0x37, 0xFF, 0x10, 0x00
    },
    {
    0x00, 0x00, 0x18, 0x00, 0x1C, 0xFE, 0x36, 0x10, 0x34, 0x10, 0x77, 0xFE,
    0x77, 0xC6, 0x74, 0xD6, 0x36, 0xD6, 0x34, 0xD6, 0x37, 0xD6, 0x36, 0xD6,
    0x34, 0x3C, 0x30, 0x6E, 0x31, 0xC2, 0x00, 0x00
    },
    {
    0x08, 0x00, 0x08, 0x1E, 0x1B, 0xFE, 0x13, 0xFC, 0x33, 0xFE, 0x32, 0x06,
    0x73, 0xFE, 0x52, 0x00, 0x17, 0xFE, 0x17, 0x5A, 0x1F, 0xFE, 0x1B, 0xFE,
    0x12, 0x52, 0x13, 0x5E, 0x13, 0x06, 0x00, 0x00
    },
    {
    0x00, 0x00, 0x1B, 0x18, 0x1B, 0x30, 0x13, 0x30, 0x3F, 0xFE, 0x3F, 0xEC,
    0x71, 0x6C, 0x77, 0xBC, 0x17, 0xBC, 0x14, 0xBC, 0x14, 0x98, 0x17, 0x98,
    0x14, 0x3C, 0x10, 0x66, 0x10, 0xC0, 0x00, 0x00
    },
    {
    0x00, 0x00, 0x18, 0x60, 0x1B, 0xFE, 0x13, 0xFE, 0x33, 0xFC, 0x33, 0x0C,
    0x73, 0xFC, 0x51, 0xF8, 0x17, 0xFE, 0x17, 0xFF, 0x17, 0xFA, 0x13, 0xFC,
    0x10, 0x20, 0x10, 0x60, 0x10, 0xE0, 0x00, 0x40
    },
    {
    0x00, 0x00, 0x08, 0x00, 0x1B, 0xFC, 0x1B, 0x64, 0x13, 0xFC, 0x33, 0xFC,
    0x7B, 0x64, 0x7B, 0xFC, 0x5A, 0x60, 0x1F, 0xFE, 0x12, 0x6A, 0x12, 0xFA,
    0x12, 0xE2, 0x12, 0x06, 0x12, 0x06, 0x00, 0x00
    },
    {
    0x00, 0x00, 0x19, 0x80, 0x13, 0xF8, 0x33, 0x30, 0x37, 0xFE, 0x76, 0x66,
    0x73, 0xFE, 0x31, 0xC4, 0x37, 0xDC, 0x36, 0xF8, 0x33, 0x6C, 0x36, 0xF4,
    0x31, 0xB6, 0x37, 0x70, 0x30, 0xE0, 0x00, 0x00
    },
    {
    0x00, 0x00, 0x06, 0x60, 0x06, 0x60, 0x04, 0x60, 0x04, 0x60, 0x04, 0x60,
    0x04, 0x60, 0x04, 0x60, 0x04, 0x60, 0x0C, 0x60, 0x0C, 0x60, 0x1C, 0x62,
    0x38, 0x66, 0x70, 0x7E, 0x20, 0x00, 0x00, 0x00
    },
    {
    0x01, 0x00, 0x03, 0x00, 0x01, 0x80, 0x7F, 0xFE, 0x06, 0x00, 0x06, 0x30,
    0x0C, 0x38, 0x3F, 0xF8, 0x16, 0xC8, 0x06, 0x40, 0x04, 0x40, 0x0C, 0x40,
    0x0C, 0x46, 0x78, 0x7E, 0x70, 0x7C, 0x00, 0x00
    },
    {
    0x00, 0xC0, 0x06, 0xC0, 0x06, 0xC0, 0x32, 0xCC, 0x1A, 0xD8, 0x1A, 0xD0,
    0x02, 0xC0, 0x0E, 0xD0, 0x3E, 0xF8, 0x76, 0xCC, 0x06, 0xC0, 0x0C, 0xC4,
    0x1C, 0xC6, 0x78, 0x7C, 0x20, 0x00, 0x00, 0x00
    },
    {
    0x00, 0x80, 0x09, 0x80, 0x08, 0x80, 0x1F, 0xF8, 0x1F, 0xFC, 0x30, 0x80,
    0x01, 0x80, 0x7F, 0xFE, 0x06, 0x40, 0x06, 0x40, 0x06, 0x40, 0x06, 0x44,
    0x0C, 0x46, 0x38, 0x7E, 0x30, 0x7C, 0x00, 0x00
    },
    {
    0x00, 0x00, 0x01, 0x80, 0x01, 0x80, 0x19, 0x98, 0x19, 0xB0, 0x0D, 0xB0,
    0x01, 0x80, 0x7F, 0xFE, 0x06, 0xC0, 0x06, 0xC0, 0x06, 0xC0, 0x06, 0xC0,
    0x0C, 0xC6, 0x18, 0xC6, 0x70, 0x7C, 0x00, 0x00
    },
    {
    0x00, 0x00, 0x06, 0x00, 0x0F, 0xF0, 0x18, 0x60, 0x30, 0x60, 0x7F, 0xFC,
    0x19, 0x8C, 0x11, 0x8C, 0x1F, 0xFC, 0x1F, 0xFC, 0x01, 0xC0, 0x03, 0xC0,
    0x0E, 0xC6, 0x3C, 0xFE, 0x30, 0x7C, 0x00, 0x00
    },
    {
    0x00, 0x00, 0x01, 0x80, 0x3B, 0xDC, 0x37, 0xCC, 0x26, 0x44, 0x37, 0xC4,
    0x26, 0x44, 0x36, 0x4C, 0x3F, 0xDC, 0x06, 0x40, 0x06, 0x40, 0x06, 0x40,
    0x0C, 0x46, 0x7C, 0x7E, 0x70, 0x38, 0x00, 0x00
    },
    {
    0x00, 0x00, 0x00, 0x00, 0x1F, 0x80, 0x01, 0x80, 0x01, 0xC0, 0x01, 0xC0,
    0x03, 0x40, 0x03, 0x60, 0x06, 0x60, 0x06, 0x30, 0x0C, 0x38, 0x18, 0x1C,
    0x70, 0x0E, 0x60, 0x06, 0x00, 0x00, 0x00, 0x00
    },
    {
    0x00, 0x00, 0x3F, 0xC0, 0x03, 0x40, 0x06, 0x60, 0x0C, 0x30, 0x18, 0x1E,
    0x7F, 0xFE, 0x01, 0x80, 0x01, 0x80, 0x1F, 0xF8, 0x1F, 0xF8, 0x01, 0x80,
    0x01, 0x80, 0x7F, 0xFC, 0x20, 0x04, 0x00, 0x00
    },
    {
    0x00, 0x00, 0x01, 0xE0, 0x05, 0xE0, 0x0C, 0x60, 0x0C, 0x60, 0x0C, 0x60,
    0x0C, 0x20, 0x08, 0x30, 0x08, 0x30, 0x18, 0x30, 0x18, 0x18, 0x30, 0x1C,
    0x30, 0x0E, 0x60, 0x06, 0x00, 0x00, 0x00, 0x00
    },
    {
    0x00, 0x00, 0x03, 0xE0, 0x0C, 0x30, 0x0C, 0x30, 0x18, 0x18, 0x10, 0x18,
    0x33, 0x8E, 0x63, 0x06, 0x42, 0x00, 0x06, 0x20, 0x0C, 0x30, 0x0C, 0x38,
    0x3F, 0xF8, 0x3E, 0x1C, 0x00, 0x00, 0x00, 0x00
    },
    {
    0x00, 0x00, 0x01, 0x00, 0x01, 0x80, 0x01, 0x80, 0x00, 0x00, 0x7F, 0xFE,
    0x7F, 0xFE, 0x00, 0x00, 0x06, 0x60, 0x0C, 0x30, 0x0C, 0x18, 0x18, 0x18,
    0x18, 0x0C, 0x30, 0x0C, 0x20, 0x04, 0x00, 0x00
    },
    {
    0x00, 0x20, 0x06, 0x60, 0x06, 0x60, 0x06, 0x60, 0x3F, 0xFC, 0x06, 0x60,
    0x06, 0x60, 0x06, 0x20, 0x7F, 0xFE, 0x7F, 0xFE, 0x00, 0x00, 0x06, 0x60,
    0x0E, 0x38, 0x1C, 0x1C, 0x70, 0x04, 0x00, 0x00
    },
    {
    0x00, 0x00, 0x0C, 0x30, 0x06, 0x60, 0x02, 0x60, 0x3F, 0xFC, 0x01, 0x80,
    0x01, 0x80, 0x01, 0x80, 0x7F, 0xFE, 0x01, 0x80, 0x03, 0xC0, 0x06, 0x60,
    0x0E, 0x30, 0x3C, 0x1E, 0x70, 0x0E, 0x00, 0x00
    },
    {
    0x04, 0x30, 0x0C, 0x30, 0x3F, 0xFC, 0x3F, 0xFC, 0x0C, 0x30, 0x0F, 0xF0,
    0x0C, 0x30, 0x0F, 0xF0, 0x0F, 0xF0, 0x0C, 0x30, 0x7F, 0xFE, 0x7F, 0xFE,
    0x06, 0x30, 0x3C, 0x1C, 0x30, 0x0C, 0x00, 0x00
    },
    {
    0x00, 0x00, 0x1F, 0xF8, 0x18, 0x18, 0x1F, 0xF8, 0x1F, 0xF8, 0x1F, 0xF8,
    0x1F, 0xF8, 0x1F, 0xF8, 0x1F, 0xF8, 0x18, 0x18, 0x7F, 0xFE, 0x04, 0x60,
    0x0E, 0x70, 0x38, 0x1C, 0x30, 0x0C, 0x00, 0x00
    },
    {
    0x00, 0x00, 0x04, 0x60, 0x3F, 0xFE, 0x3F, 0xFE, 0x02, 0x40, 0x1F, 0xF8,
    0x06, 0xC8, 0x7F, 0xFE, 0x02, 0x48, 0x1F, 0xF8, 0x1F, 0xF8, 0x0E, 0x70,
    0x1A, 0xDC, 0x72, 0xCE, 0x42, 0xC0, 0x00, 0x00
    },
    {
    0x00, 0x00, 0x01, 0x80, 0x01, 0x80, 0x3F, 0xFC, 0x3F, 0xFC, 0x31, 0x8C,
    0x31, 0x0C, 0x33, 0x8C, 0x33, 0xCC, 0x36, 0x6C, 0x3C, 0x3C, 0x30, 0x0C,
    0x30, 0x0C, 0x30, 0x1C, 0x20, 0x18, 0x00, 0x00
    },
    {
    0x00, 0x00, 0x7F, 0xFE, 0x7F, 0xFC, 0x01, 0x80, 0x1F, 0xF8, 0x19, 0x98,
    0x19, 0x98, 0x1F, 0xF8, 0x19, 0x98, 0x19, 0x98, 0x7F, 0xFE, 0x18, 0x18,
    0x18, 0x18, 0x18, 0x38, 0x10, 0x10, 0x00, 0x00
    },
    {
    0x00, 0x00, 0x3F, 0xFC, 0x20, 0x04, 0x2F, 0xF4, 0x20, 0x04, 0x2F, 0xF4,
    0x00, 0x00, 0x1F, 0xF8, 0x18, 0x18, 0x1F, 0xF8, 0x18, 0x18, 0x1F, 0xF8,
    0x18, 0x18, 0x1F, 0xF8, 0x10, 0x18, 0x00, 0x00
    },
    {
    0x00, 0x00, 0x7F, 0xFC, 0x7F, 0xFC, 0x68, 0x0C, 0x6C, 0x00, 0x0F, 0xF8,
    0x0C, 0x00, 0x08, 0x00, 0x0F, 0xF8, 0x00, 0x08, 0x7F, 0xFE, 0x7F, 0xFE,
    0x00, 0x18, 0x00, 0x78, 0x00, 0x70, 0x00, 0x00
    },
    {
    0x00, 0x20, 0x00, 0x60, 0x30, 0x60, 0x33, 0xFE, 0x1B, 0xFE, 0x12, 0x66,
    0x02, 0x66, 0x1A, 0x66, 0x1A, 0x66, 0x13, 0xFE, 0x32, 0x66, 0x32, 0x60,
    0x60, 0x60, 0x20, 0x60, 0x00, 0x60, 0x00, 0x20
    },
    {
    0x00, 0x40, 0x00, 0xC0, 0x60, 0xC0, 0x33, 0xF8, 0x3B, 0xFC, 0x18, 0xC8,
    0x00, 0xC8, 0x00, 0xCC, 0x1F, 0xFE, 0x30, 0xC0, 0x30, 0xE0, 0x61, 0xB0,
    0x63, 0x38, 0x07, 0x1E, 0x0C, 0x0E, 0x00, 0x00
    },
    {
    0x00, 0x00, 0x00, 0xE0, 0x20, 0xE0, 0x31, 0xB0, 0x19, 0x18, 0x03, 0x4E,
    0x06, 0x66, 0x04, 0x00, 0x37, 0xFC, 0x30, 0x1C, 0x20, 0x38, 0x61, 0xB0,
    0x60, 0xE0, 0x00, 0x60, 0x00, 0x70, 0x00, 0x00
    },
    {
    0x00, 0x00, 0x00, 0xC0, 0x20, 0xC0, 0x37, 0xFE, 0x19, 0x80, 0x01, 0x60,
    0x03, 0x60, 0x07, 0xFC, 0x1F, 0xFC, 0x30, 0x60, 0x33, 0x68, 0x67, 0x6C,
    0x6E, 0x66, 0x0C, 0xE2, 0x00, 0xC0, 0x00, 0x00
    },
    {
    0x00, 0x20, 0x00, 0x6C, 0x00, 0x6C, 0x6F, 0xFE, 0x2C, 0x20, 0x3F, 0xA4,
    0x0F, 0xAC, 0x0C, 0x3C, 0x3F, 0xFC, 0x2E, 0xD8, 0x6A, 0xD8, 0x6B, 0xD8,
    0x5A, 0x7A, 0x18, 0x6E, 0x10, 0xC6, 0x00, 0x00
    },
    {
    0x00, 0xC0, 0x00, 0xC0, 0x6F, 0xFE, 0x30, 0xC0, 0x37, 0xFC, 0x00, 0x80,
    0x0F, 0xFE, 0x03, 0x10, 0x37, 0xFE, 0x3C, 0xC6, 0x67, 0xFC, 0x60, 0xC0,
    0x61, 0xF0, 0x07, 0x1C, 0x0E, 0x08, 0x00, 0x00
    },
    {
    0x00, 0x00, 0x0F, 0xE0, 0x0F, 0xE0, 0x0C, 0x20, 0x0C, 0x20, 0x0C, 0x60,
    0x0C, 0x60, 0x0C, 0x60, 0x0C, 0x60, 0x08, 0x60, 0x18, 0x60, 0x18, 0x66,
    0x30, 0x7E, 0x60, 0x3C, 0x00, 0x00, 0x00, 0x00
    },
    {
    0x00, 0x00, 0x01, 0x80, 0x11, 0x8C, 0x11, 0x8C, 0x11, 0x8C, 0x11, 0x8C,
    0x1F, 0xFC, 0x1F, 0xF8, 0x01, 0x80, 0x31, 0x8C, 0x21, 0x8C, 0x21, 0x8C,
    0x31, 0x8C, 0x3F, 0xFC, 0x20, 0x0C, 0x00, 0x00
    },
    {
    0x01, 0x80, 0x01, 0x80, 0x01, 0x80, 0x3F, 0xFC, 0x01, 0x80, 0x01, 0x80,
    0x01, 0x80, 0x7F, 0xFE, 0x01, 0x80, 0x11, 0x88, 0x11, 0x8C, 0x11, 0x88,
    0x11, 0x88, 0x1F, 0xF8, 0x00, 0x0C, 0x00, 0x08
    },
    {
    0x00, 0x00, 0x01, 0xE0, 0x0C, 0x30, 0x08, 0x30, 0x18, 0x18, 0x30, 0x0C,
    0x7F, 0xFE, 0x6F, 0xF0, 0x02, 0x10, 0x06, 0x10, 0x06, 0x30, 0x0C, 0x30,
    0x1C, 0x30, 0x38, 0xF0, 0x00, 0x40, 0x00, 0x00
    },
    {
    0x00, 0x00, 0x19, 0xFE, 0x19, 0xFE, 0x18, 0x66, 0x3E, 0x66, 0x7E, 0x66,
    0x18, 0x66, 0x18, 0x66, 0x18, 0x46, 0x1E, 0x46, 0x1E, 0xC4, 0x39, 0x84,
    0x33, 0x9C, 0x07, 0x1C, 0x00, 0x00, 0x00, 0x00
    },
    {
    0x00, 0x00, 0x00, 0x06, 0x7F, 0x86, 0x0C, 0x36, 0x0C, 0x36, 0x0F, 0xB6,
    0x19, 0xB6, 0x31, 0xB6, 0x3D, 0x36, 0x2F, 0x36, 0x06, 0x36, 0x06, 0x06,
    0x0C, 0x06, 0x38, 0x1E, 0x30, 0x1C, 0x00, 0x00
    },
    {
    0x00, 0x04, 0x3F, 0x86, 0x3F, 0x86, 0x31, 0xB6, 0x35, 0xB6, 0x35, 0xB6,
    0x35, 0xB6, 0x35, 0xB6, 0x35, 0xB6, 0x35, 0xB6, 0x0C, 0x36, 0x0F, 0x26,
    0x1B, 0x86, 0x30, 0x9E, 0x20, 0x0C, 0x00, 0x00
    },
    {
    0x00, 0x00, 0x00, 0x04, 0x7F, 0x94, 0x60, 0xB4, 0x63, 0xB4, 0x7B, 0xB4,
    0x6E, 0xB4, 0x6C, 0xB4, 0x6C, 0xB4, 0x6E, 0xB4, 0x7B, 0xB4, 0x71, 0xB4,
    0x60, 0x84, 0x61, 0x84, 0x63, 0x9C, 0x00, 0x08
    },
    {
    0x08, 0x00, 0x0C, 0x00, 0x0C, 0xFE, 0x00, 0xFE, 0x7E, 0x26, 0x0C, 0x26,
    0x09, 0x66, 0x1F, 0x66, 0x3E, 0x66, 0x6B, 0x66, 0x09, 0x46, 0x08, 0xC6,
    0x08, 0xC6, 0x09, 0x9C, 0x09, 0x18, 0x00, 0x00
    },
    {
    0x00, 0x00, 0x39, 0xC6, 0x3F, 0xD6, 0x2F, 0x56, 0x2F, 0x56, 0x2D, 0x56,
    0x7F, 0xF6, 0x7F, 0xF6, 0x2D, 0x56, 0x2F, 0x56, 0x2F, 0x56, 0x2F, 0x56,
    0x6E, 0x46, 0x6E, 0xCE, 0x08, 0x8C, 0x00, 0x00
    },
    {
    0x00, 0x00, 0x04, 0x04, 0x25, 0x84, 0x35, 0xB4, 0x35, 0x24, 0x04, 0x24,
    0x3F, 0xA4, 0x04, 0x24, 0x04, 0x24, 0x3F, 0xA4, 0x3C, 0x34, 0x0C, 0x24,
    0x18, 0x04, 0x10, 0x04, 0x30, 0x1C, 0x00, 0x08
    },
    {
    0x00, 0x00, 0x18, 0x06, 0x18, 0x06, 0x1F, 0xB6, 0x30, 0xB6, 0x7C, 0xB6,
    0x3E, 0xB6, 0x36, 0xB6, 0x36, 0xB6, 0x3E, 0xB6, 0x31, 0xB6, 0x31, 0x36,
    0x30, 0xC6, 0x3F, 0xC6, 0x1F, 0x0C, 0x00, 0x00
    },
    {
    0x00, 0x00, 0x1F, 0x06, 0x3F, 0xB6, 0x31, 0xB6, 0x31, 0xB6, 0x3F, 0xB6,
    0x1F, 0x36, 0x04, 0x36, 0x3F, 0xB6, 0x3F, 0xB6, 0x0C, 0xB6, 0x09, 0x86,
    0x19, 0x86, 0x33, 0x9E, 0x23, 0x0C, 0x00, 0x00
    },
    {
    0x03, 0x00, 0x3F, 0x06, 0x3C, 0x24, 0x0C, 0x24, 0x0C, 0x24, 0x7F, 0xA4,
    0x0C, 0x24, 0x0C, 0x24, 0x3F, 0x24, 0x31, 0x24, 0x31, 0x24, 0x31, 0x04,
    0x3F, 0x04, 0x31, 0x1C, 0x00, 0x1C, 0x00, 0x00
    },
    {
    0x00, 0x00, 0x00, 0x06, 0x7F, 0x86, 0x08, 0x36, 0x19, 0x36, 0x11, 0xB6,
    0x3F, 0xB6, 0x7C, 0xB6, 0x0C, 0x36, 0x3F, 0xB6, 0x3F, 0x36, 0x0C, 0x26,
    0x1F, 0x86, 0x7F, 0x9E, 0x20, 0x1C, 0x00, 0x08
    },
    {
    0x00, 0x00, 0x06, 0x06, 0x34, 0x04, 0x3F, 0xB4, 0x3F, 0xB4, 0x24, 0x34,
    0x7F, 0xF4, 0x04, 0x34, 0x04, 0x34, 0x3F, 0xF4, 0x36, 0xF4, 0x24, 0xF4,
    0x25, 0xC4, 0x25, 0x8C, 0x04, 0x0C, 0x00, 0x00
    },
    {
    0x00, 0x00, 0x1F, 0xC6, 0x3F, 0xC6, 0x30, 0xD6, 0x3F, 0xD6, 0x3F, 0xD6,
    0x33, 0x16, 0x3F, 0xD6, 0x3F, 0xD6, 0x3A, 0x56, 0x2B, 0x56, 0x6B, 0x56,
    0x6B, 0xC6, 0x0B, 0x8E, 0x03, 0x0C, 0x00, 0x00
    },
    {
    0x00, 0x00, 0x06, 0x06, 0x06, 0x06, 0x3F, 0xD6, 0x06, 0x16, 0x3F, 0x96,
    0x3F, 0xD6, 0x26, 0xD6, 0x36, 0xD6, 0x2F, 0x96, 0x1F, 0x96, 0x36, 0xC6,
    0x66, 0x06, 0x06, 0x1E, 0x06, 0x0C, 0x00, 0x00
    },
    {
    0x04, 0x00, 0x04, 0x06, 0x04, 0x04, 0x7F, 0xF4, 0x0C, 0x34, 0x19, 0x34,
    0x13, 0x34, 0x3E, 0x34, 0x0C, 0xB4, 0x19, 0xB4, 0x33, 0x34, 0x27, 0xB4,
    0x1D, 0xC4, 0x38, 0xCC, 0x20, 0x1C, 0x00, 0x00
    },
    {
    0x00, 0x00, 0x0C, 0x60, 0x06, 0x60, 0x7F, 0xFE, 0x00, 0x00, 0x3F, 0x0C,
    0x3F, 0x6C, 0x31, 0x6C, 0x3F, 0x6C, 0x31, 0x6C, 0x3F, 0x6C, 0x3F, 0x6C,
    0x31, 0x0C, 0x33, 0x0C, 0x37, 0x38, 0x00, 0x10
    },
    {
    0x03, 0x86, 0x3F, 0x86, 0x04, 0x16, 0x7F, 0xD6, 0x3F, 0xD6, 0x15, 0x16,
    0x75, 0xD6, 0x15, 0x16, 0x35, 0xD6, 0x7E, 0xD6, 0x0F, 0x06, 0x1D, 0x86,
    0x34, 0xC6, 0x64, 0x1E, 0x04, 0x1C, 0x00, 0x00
    },
    {
    0x00, 0x00, 0x01, 0x80, 0x01, 0x80, 0x01, 0x80, 0x3F, 0xFE, 0x01, 0x86,
    0x01, 0x06, 0x01, 0x04, 0x03, 0x04, 0x03, 0x04, 0x06, 0x0C, 0x06, 0x0C,
    0x1C, 0x0C, 0x38, 0x3C, 0x30, 0x38, 0x00, 0x00
    },
    {
    0x00, 0x20, 0x00, 0x60, 0x7E, 0x60, 0x7E, 0x60, 0x19, 0xFE, 0x19, 0xFE,
    0x18, 0x66, 0x18, 0x66, 0x18, 0x66, 0x18, 0x66, 0x1A, 0x46, 0x7E, 0xC6,
    0x71, 0xC6, 0x03, 0x8E, 0x07, 0x1C, 0x00, 0x00
    },
    {
    0x08, 0x00, 0x0C, 0x00, 0x0C, 0x00, 0x0C, 0x3E, 0x7F, 0xA6, 0x09, 0x26,
    0x09, 0x26, 0x09, 0x26, 0x19, 0x26, 0x19, 0x26, 0x19, 0x26, 0x19, 0x26,
    0x33, 0x3E, 0x77, 0x66, 0x66, 0x22, 0x00, 0x00
    },
    {
    0x00, 0x00, 0x06, 0x00, 0x0F, 0xF8, 0x0E, 0x30, 0x1B, 0x70, 0x33, 0xE0,
    0x03, 0xC0, 0x1F, 0x7E, 0x79, 0x8E, 0x01, 0x80, 0x1F, 0xF8, 0x03, 0x18,
    0x02, 0x18, 0x0E, 0x18, 0x38, 0x70, 0x00, 0x00
    },
    {
    0x00, 0x00, 0x00, 0x30, 0x3E, 0x30, 0x3E, 0x30, 0x01, 0xFE, 0x00, 0x36,
    0x7F, 0x36, 0x18, 0x26, 0x18, 0x26, 0x12, 0x66, 0x37, 0x66, 0x7F, 0x66,
    0x60, 0xC6, 0x03, 0x9C, 0x03, 0x08, 0x00, 0x00
    },
    {
    0x00, 0x00, 0x1E, 0x30, 0x3F, 0x30, 0x33, 0x30, 0x33, 0xFE, 0x3F, 0x36,
    0x33, 0x36, 0x33, 0x36, 0x3F, 0x36, 0x3F, 0x26, 0x33, 0x66, 0x33, 0x66,
    0x3F, 0xE6, 0x7C, 0xDE, 0x01, 0x9C, 0x00, 0x00
    },
    {
    0x00, 0x00, 0x06, 0x20, 0x7F, 0xFE, 0x7F, 0xFE, 0x02, 0x20, 0x3F, 0xFE,
    0x7F, 0xFE, 0x61, 0x06, 0x21, 0x04, 0x1F, 0xF8, 0x1F, 0xF8, 0x03, 0x18,
    0x06, 0x18, 0x3C, 0x78, 0x70, 0x70, 0x00, 0x00
    },
    {
    0x00, 0x00, 0x08, 0x60, 0x18, 0x60, 0x7F, 0xF8, 0x08, 0x68, 0x3F, 0xC8,
    0x78, 0xE8, 0x09, 0xBA, 0x3B, 0x0E, 0x01, 0x00, 0x3F, 0xF8, 0x3F, 0xF8,
    0x02, 0x18, 0x0E, 0x38, 0x38, 0x70, 0x20, 0x00
    },
    {
    0x18, 0x30, 0x18, 0x30, 0x3F, 0x30, 0x32, 0x30, 0x7F, 0xFE, 0x35, 0xB6,
    0x35, 0xB4, 0x3D, 0xA4, 0x3F, 0xA4, 0x3C, 0x64, 0x0E, 0x4C, 0x1E, 0xDC,
    0x36, 0x0E, 0x63, 0xFE, 0x60, 0x00, 0x00, 0x00
    },
    {
    0x00, 0x00, 0x06, 0x00, 0x0C, 0x00, 0x0F, 0xFE, 0x1B, 0x26, 0x33, 0x26,
    0x32, 0x66, 0x06, 0x64, 0x04, 0x44, 0x1C, 0xC4, 0x38, 0xCC, 0x01, 0x8C,
    0x07, 0x0C, 0x1E, 0x3C, 0x18, 0x30, 0x00, 0x00
    },
    {
    0x00, 0x00, 0x06, 0x00, 0x0F, 0xFC, 0x0F, 0xFE, 0x18, 0x04, 0x18, 0x04,
    0x37, 0x04, 0x23, 0x84, 0x00, 0xCC, 0x00, 0x6C, 0x03, 0xEC, 0x1F, 0x0C,
    0x08, 0x0C, 0x00, 0x3C, 0x00, 0x38, 0x00, 0x00
    },
    {
    0x00, 0x00, 0x0C, 0x00, 0x0F, 0xFC, 0x1F, 0xFC, 0x10, 0x0C, 0x30, 0x0C,
    0x7F, 0xCC, 0x18, 0x4C, 0x18, 0x4C, 0x1F, 0xCC, 0x18, 0x18, 0x18, 0x00,
    0x18, 0x06, 0x18, 0x06, 0x0F, 0xFC, 0x00, 0x00
    },
    {
    0x00, 0x80, 0x0C, 0xC0, 0x08, 0xC0, 0x18, 0xCC, 0x18, 0xCC, 0x38, 0xD8,
    0x78, 0xF0, 0x78, 0xE0, 0x18, 0xC0, 0x18, 0xC0, 0x18, 0xC0, 0x18, 0xC0,
    0x18, 0xC6, 0x18, 0xFE, 0x18, 0xFC, 0x00, 0x00
    },
    {
    0x00, 0x00, 0x00, 0x00, 0x7F, 0xFC, 0x30, 0x00, 0x32, 0x18, 0x33, 0x18,
    0x31, 0xF0, 0x30, 0xE0, 0x30, 0xF0, 0x31, 0x98, 0x33, 0x1C, 0x32, 0x08,
    0x10, 0x00, 0x1F, 0xFE, 0x00, 0x00, 0x00, 0x00
    },
    {
    0x01, 0x80, 0x01, 0x80, 0x01, 0x80, 0x01, 0x80, 0x01, 0x80, 0x01, 0x80,
    0x7F, 0xFE, 0x7F, 0xFE, 0x01, 0x80, 0x01, 0x80, 0x01, 0x80, 0x01, 0x80,
    0x01, 0x80, 0x01, 0x80, 0x01, 0x80, 0x00, 0x00
    },
    {
    0x00, 0x20, 0x03, 0x30, 0x1F, 0x30, 0x3E, 0x30, 0x06, 0x30, 0x06, 0x30,
    0x7F, 0xFE, 0x7F, 0xFE, 0x06, 0x30, 0x04, 0x30, 0x0C, 0x30, 0x0C, 0x30,
    0x18, 0x30, 0x78, 0x30, 0x20, 0x30, 0x00, 0x00
    },
    {
    0x00, 0x80, 0x01, 0x80, 0x19, 0x98, 0x19, 0x98, 0x0D, 0xB0, 0x01, 0x80,
    0x3F, 0xFC, 0x3F, 0xFC, 0x01, 0x80, 0x01, 0x80, 0x7F, 0xFE, 0x01, 0x80,
    0x01, 0x80, 0x01, 0x80, 0x01, 0x80, 0x01, 0x80
    },
    {
    0x00, 0x00, 0x0C, 0x30, 0x06, 0x60, 0x1F, 0xF8, 0x1F, 0xF8, 0x11, 0x88,
    0x1F, 0xF8, 0x1F, 0xF8, 0x11, 0x88, 0x1F, 0xF8, 0x01, 0x80, 0x7F, 0xFE,
    0x7F, 0xFE, 0x01, 0x80, 0x01, 0x80, 0x01, 0x80
    },
    {
    0x01, 0x00, 0x01, 0x80, 0x01, 0x00, 0x01, 0xFC, 0x01, 0x00, 0x01, 0x00,
    0x01, 0x00, 0x7F, 0xFE, 0x03, 0x00, 0x01, 0x20, 0x01, 0x30, 0x01, 0x18,
    0x01, 0x08, 0x01, 0x00, 0x03, 0x00, 0x01, 0x00
    },
    {
    0x00, 0x00, 0x06, 0x00, 0x0F, 0xF8, 0x18, 0x30, 0x70, 0x60, 0x3F, 0xFE,
    0x10, 0x00, 0x13, 0xF0, 0x13, 0xF8, 0x12, 0x18, 0x32, 0x18, 0x32, 0x70,
    0x32, 0x06, 0x63, 0xFE, 0x61, 0xF8, 0x00, 0x00
    },
    {
    0x00, 0x00, 0x3F, 0x7E, 0x3F, 0x7E, 0x21, 0x66, 0x3F, 0x66, 0x3F, 0x66,
    0x21, 0x66, 0x3F, 0x66, 0x3F, 0x66, 0x36, 0x66, 0x37, 0x66, 0x3F, 0xEC,
    0x39, 0xE8, 0x20, 0x60, 0x00, 0x20, 0x00, 0x00
    },
    {
    0x00, 0x00, 0x0C, 0x00, 0x0C, 0x3E, 0x3F, 0x26, 0x3F, 0x26, 0x0C, 0x26,
    0x7F, 0x26, 0x7F, 0x26, 0x08, 0x26, 0x1A, 0x26, 0x1B, 0x26, 0x33, 0x2E,
    0x7F, 0xAC, 0x20, 0x20, 0x00, 0x60, 0x00, 0x20
    },
    {
    0x00, 0x00, 0x3F, 0xFE, 0x10, 0x00, 0x10, 0xC0, 0x10, 0xC0, 0x17, 0xFC,
    0x10, 0xCC, 0x10, 0xCC, 0x30, 0x8C, 0x31, 0x8C, 0x31, 0x8C, 0x33, 0x0C,
    0x33, 0x0C, 0x6E, 0x3C, 0x24, 0x38, 0x00, 0x00
    },
    {
    0x00, 0x00, 0x1F, 0xFE, 0x10, 0x00, 0x10, 0xC0, 0x10, 0xC0, 0x10, 0xC0,
    0x17, 0xFC, 0x17, 0xFC, 0x30, 0xC8, 0x30, 0xDC, 0x30, 0xCC, 0x30, 0xC0,
    0x2F, 0xFE, 0x6F, 0xFE, 0x00, 0x00, 0x00, 0x00
    },
    {
    0x00, 0x00, 0x1F, 0xFE, 0x10, 0xC0, 0x13, 0xF8, 0x17, 0xFC, 0x16, 0x0C,
    0x17, 0xFC, 0x36, 0x0C, 0x37, 0xFC, 0x37, 0xF8, 0x32, 0x40, 0x26, 0x4C,
    0x6C, 0x46, 0x6C, 0xC6, 0x00, 0xC0, 0x00, 0x00
    },
    {
    0x00, 0x00, 0x3F, 0xFE, 0x30, 0x00, 0x32, 0x7C, 0x32, 0x7E, 0x3F, 0xC6,
    0x36, 0x7E, 0x36, 0x7E, 0x37, 0x46, 0x3F, 0xFE, 0x3E, 0x46, 0x32, 0x46,
    0x62, 0x7E, 0x62, 0x46, 0x02, 0x00, 0x00, 0x00
    },
    {
    0x01, 0x80, 0x01, 0x80, 0x01, 0x80, 0x1F, 0xF8, 0x1F, 0xF8, 0x01, 0x80,
    0x01, 0x80, 0x7F, 0xFE, 0x7F, 0xFE, 0x03, 0x00, 0x06, 0x60, 0x0C, 0x30,
    0x0C, 0xF8, 0x3F, 0xFC, 0x10, 0x0C, 0x00, 0x00
    },
    {
    0x00, 0x00, 0x03, 0x00, 0x06, 0x20, 0x1F, 0xF8, 0x1F, 0xF8, 0x02, 0x00,
    0x7F, 0xFE, 0x0C, 0xB0, 0x19, 0x98, 0x77, 0x6E, 0x4C, 0xC0, 0x03, 0xB8,
    0x1E, 0x70, 0x01, 0xC0, 0x1F, 0x00, 0x18, 0x00
    },
    {
    0x00, 0x00, 0x3F, 0xF8, 0x3F, 0xF8, 0x0C, 0x18, 0x0C, 0x30, 0x04, 0x30,
    0x06, 0x70, 0x03, 0x60, 0x03, 0xC0, 0x01, 0xC0, 0x03, 0xE0, 0x0F, 0x70,
    0x3C, 0x3E, 0x70, 0x0E, 0x00, 0x00, 0x00, 0x00
    },
    {
    0x00, 0x00, 0x3F, 0xF8, 0x1F, 0xF0, 0x06, 0x30, 0x06, 0x20, 0x04, 0x78,
    0x07, 0x7C, 0x0F, 0x18, 0x0D, 0x18, 0x19, 0xB0, 0x38, 0xE0, 0x70, 0xE0,
    0x67, 0xBE, 0x0E, 0x0E, 0x08, 0x00, 0x00, 0x00
    },
    {
    0x00, 0x00, 0x7E, 0xFC, 0x7E, 0xFC, 0x06, 0xCC, 0x26, 0xCC, 0x36, 0xCC,
    0x1C, 0x48, 0x0C, 0x58, 0x0C, 0x70, 0x1E, 0x30, 0x1B, 0x70, 0x32, 0xF8,
    0x61, 0xCE, 0x43, 0x06, 0x00, 0x00, 0x00, 0x00
    },
    {
    0x00, 0x00, 0x00, 0x38, 0x1F, 0xFC, 0x1F, 0x00, 0x10, 0x00, 0x1F, 0xF8,
    0x1F, 0xF8, 0x12, 0x18, 0x12, 0x10, 0x13, 0x30, 0x31, 0xE0, 0x30, 0xE0,
    0x31, 0xF8, 0x6F, 0x3E, 0x4C, 0x06, 0x00, 0x00
    },
    {
    0x00, 0x00, 0x01, 0x80, 0x19, 0xB8, 0x11, 0x18, 0x3F, 0xFE, 0x3F, 0xFC,
    0x02, 0x00, 0x07, 0xF8, 0x06, 0x18, 0x0E, 0x30, 0x1B, 0x30, 0x71, 0xE0,
    0x61, 0xF0, 0x0F, 0x3E, 0x1C, 0x0C, 0x00, 0x00
    },
    {
    0x00, 0x00, 0x7F, 0x00, 0x32, 0xFC, 0x22, 0x4C, 0x3E, 0x4C, 0x3E, 0x4C,
    0x22, 0x4C, 0x32, 0x68, 0x3E, 0x78, 0x32, 0x38, 0x32, 0x30, 0x7E, 0x78,
    0x72, 0xEE, 0x03, 0xC6, 0x02, 0x00, 0x00, 0x00
    },
    {
    0x01, 0x00, 0x01, 0x80, 0x3F, 0xFE, 0x3F, 0xFE, 0x12, 0x40, 0x32, 0x58,
    0x76, 0x4E, 0x22, 0x46, 0x3F, 0xF8, 0x1F, 0xF8, 0x0C, 0x30, 0x06, 0xE0,
    0x03, 0xC0, 0x1F, 0xFC, 0x7C, 0x3C, 0x00, 0x00
    },
    {
    0x00, 0x00, 0x1F, 0xF0, 0x07, 0xE0, 0x0F, 0xF0, 0x3E, 0x7C, 0x3E, 0xFC,
    0x1E, 0x78, 0x3F, 0xEC, 0x71, 0x4E, 0x4F, 0xF2, 0x0F, 0xF8, 0x08, 0x18,
    0x08, 0x10, 0x3F, 0xFC, 0x3F, 0xFC, 0x00, 0x00
    },
    {
    0x00, 0x00, 0x1F, 0xF8, 0x3F, 0xFC, 0x30, 0x0C, 0x30, 0x0C, 0x30, 0x0C,
    0x30, 0x0C, 0x30, 0x0C, 0x30, 0x0C, 0x30, 0x0C, 0x30, 0x0C, 0x3F, 0xFC,
    0x3F, 0xFC, 0x10, 0x0C, 0x00, 0x00, 0x00, 0x00
    },
    {
    0x00, 0x00, 0x06, 0x00, 0x0C, 0x00, 0x0F, 0xFE, 0x18, 0x06, 0x30, 0x06,
    0x3F, 0xC6, 0x0F, 0xE6, 0x08, 0x66, 0x08, 0x66, 0x0C, 0x66, 0x0F, 0xE6,
    0x0C, 0x64, 0x08, 0x0C, 0x00, 0x1C, 0x00, 0x10
    },
    {
    0x00, 0x00, 0x0F, 0xFC, 0x08, 0x0C, 0x08, 0x0C, 0x08, 0x0C, 0x0F, 0xFC,
    0x01, 0x80, 0x01, 0x80, 0x3F, 0xFC, 0x01, 0x04, 0x03, 0x04, 0x07, 0x0C,
    0x1E, 0x0C, 0x38, 0x3C, 0x00, 0x10, 0x00, 0x00
    },
    {
    0x00, 0x00, 0x1F, 0xF8, 0x1F, 0xF8, 0x18, 0x18, 0x18, 0x18, 0x18, 0x18,
    0x18, 0x18, 0x1F, 0xF8, 0x1F, 0xF8, 0x04, 0x00, 0x0E, 0x70, 0x1C, 0x18,
    0x38, 0x0C, 0x70, 0x06, 0x00, 0x00, 0x00, 0x00
    },
    {
    0x00, 0x08, 0x00, 0x0C, 0x3E, 0xCC, 0x26, 0xCC, 0x26, 0xCC, 0x26, 0xCC,
    0x26, 0xCC, 0x26, 0xCC, 0x26, 0xCC, 0x3E, 0xFC, 0x26, 0xEC, 0x20, 0x0C,
    0x00, 0x0C, 0x00, 0x0C, 0x00, 0x0C, 0x00, 0x00
    },
    {
    0x00, 0x00, 0x7F, 0xFE, 0x00, 0x18, 0x00, 0x18, 0x1F, 0x98, 0x1F, 0x98,
    0x10, 0x98, 0x10, 0x98, 0x1F, 0x98, 0x1F, 0x98, 0x10, 0x98, 0x10, 0x18,
    0x00, 0x78, 0x00, 0x70, 0x00, 0x00, 0x00, 0x00
    },
    {
    0x00, 0x00, 0x03, 0x80, 0x03, 0x00, 0x06, 0x30, 0x0C, 0x38, 0x3F, 0xFC,
    0x7F, 0xFC, 0x00, 0x00, 0x1F, 0xF8, 0x1F, 0xF8, 0x10, 0x18, 0x10, 0x18,
    0x18, 0x18, 0x1F, 0xF8, 0x10, 0x18, 0x00, 0x00
    },
    {
    0x01, 0x80, 0x01, 0x80, 0x01, 0x80, 0x3F, 0xFC, 0x31, 0x8C, 0x31, 0x8C,
    0x31, 0x8C, 0x3F, 0xFC, 0x01, 0x80, 0x19, 0x80, 0x0F, 0x80, 0x07, 0x00,
    0x0F, 0xF8, 0x7C, 0x7E, 0x70, 0x04, 0x00, 0x00
    },
    {
    0x01, 0x00, 0x01, 0x80, 0x01, 0x00, 0x7F, 0xFE, 0x7F, 0xFE, 0x06, 0x00,
    0x06, 0x00, 0x0C, 0x00, 0x1F, 0xF8, 0x1C, 0x18, 0x7C, 0x18, 0x6C, 0x18,
    0x0F, 0xF8, 0x0F, 0xF8, 0x0C, 0x08, 0x00, 0x00
    },
    {
    0x00, 0x00, 0x1F, 0xF8, 0x18, 0x18, 0x18, 0x18, 0x1F, 0xF8, 0x00, 0x00,
    0x7F, 0xFE, 0x7F, 0xFE, 0x0C, 0x00, 0x0F, 0xF8, 0x0F, 0xF8, 0x00, 0x18,
    0x00, 0x18, 0x00, 0xF0, 0x00, 0xE0, 0x00, 0x00
    },
    {
    0x00, 0x00, 0x00, 0xC0, 0x7C, 0xC0, 0x7C, 0xFE, 0x4D, 0x80, 0x6F, 0x00,
    0x6F, 0xF8, 0x6C, 0xF8, 0x4C, 0x30, 0x7C, 0x60, 0x7C, 0xC0, 0x6C, 0x86,
    0x41, 0x86, 0x01, 0xFE, 0x00, 0xFC, 0x00, 0x00
    },
    {
    0x00, 0x00, 0x06, 0x00, 0x07, 0xF8, 0x0C, 0x18, 0x1E, 0x30, 0x33, 0xE0,
    0x01, 0xC0, 0x0F, 0xFE, 0x7C, 0x1E, 0x7F, 0xF8, 0x0F, 0xF8, 0x08, 0x18,
    0x0C, 0x18, 0x0F, 0xF8, 0x08, 0x18, 0x00, 0x00
    },
    {
    0x00, 0x00, 0x01, 0x80, 0x03, 0xC0, 0x06, 0x60, 0x0C, 0x30, 0x38, 0x1E,
    0x7F, 0xF6, 0x40, 0x00, 0x00, 0x00, 0x1F, 0xF8, 0x18, 0x18, 0x18, 0x18,
    0x1F, 0xF8, 0x1F, 0xF8, 0x18, 0x18, 0x00, 0x00
    },
    {
    0x01, 0x80, 0x01, 0x80, 0x7F, 0xFE, 0x01, 0x80, 0x01, 0x80, 0x01, 0x80,
    0x3F, 0xFC, 0x00, 0x00, 0x00, 0x00, 0x1F, 0xF8, 0x18, 0x18, 0x18, 0x18,
    0x1F, 0xF8, 0x18, 0x18, 0x18, 0x00, 0x00, 0x00
    },
    {
    0x00, 0x00, 0x3F, 0xFC, 0x3F, 0xFC, 0x30, 0x0C, 0x3F, 0xFC, 0x30, 0x0C,
    0x30, 0x0C, 0x37, 0xEC, 0x36, 0x6C, 0x36, 0x6C, 0x37, 0xEC, 0x30, 0x0C,
    0x30, 0x0C, 0x30, 0x1C, 0x00, 0x08, 0x00, 0x00
    },
    {
    0x00, 0x00, 0x03, 0x00, 0x03, 0xFC, 0x07, 0xFC, 0x0E, 0x18, 0x1F, 0x30,
    0x19, 0xE0, 0x01, 0xC0, 0x07, 0xFC, 0x3F, 0xFC, 0x3E, 0x04, 0x06, 0x04,
    0x07, 0xFC, 0x07, 0xFC, 0x06, 0x04, 0x00, 0x00
    },
    {
    0x00, 0x00, 0x00, 0x78, 0x1F, 0xFC, 0x18, 0x00, 0x10, 0x00, 0x1F, 0xFE,
    0x1F, 0xFE, 0x10, 0x00, 0x13, 0xF8, 0x17, 0xFC, 0x36, 0x0C, 0x36, 0x0C,
    0x27, 0xFC, 0x67, 0xFC, 0x06, 0x0C, 0x00, 0x00
    },
    {
    0x00, 0x00, 0x03, 0x00, 0x06, 0x00, 0x3F, 0xFC, 0x3F, 0xFC, 0x20, 0x04,
    0x27, 0xC4, 0x27, 0xE4, 0x24, 0x64, 0x24, 0x64, 0x27, 0xE4, 0x27, 0xC4,
    0x20, 0x04, 0x20, 0x1C, 0x20, 0x1C, 0x00, 0x00
    },
    {
    0x00, 0x00, 0x1F, 0xF8, 0x01, 0x00, 0x01, 0x00, 0x7F, 0xFE, 0x03, 0x60,
    0x06, 0x60, 0x0C, 0x38, 0x3C, 0x1E, 0x7F, 0xFE, 0x28, 0x10, 0x08, 0x10,
    0x0F, 0xF0, 0x08, 0x10, 0x18, 0x00, 0x00, 0x00
    },
    {
    0x00, 0x00, 0x3F, 0xFE, 0x01, 0xC0, 0x01, 0x80, 0x07, 0xA0, 0x0F, 0xB8,
    0x39, 0x8E, 0x71, 0x86, 0x0F, 0xF8, 0x1F, 0xF8, 0x18, 0x18, 0x18, 0x18,
    0x1F, 0xF8, 0x18, 0x18, 0x08, 0x00, 0x00, 0x00
    },
    {
    0x01, 0x00, 0x03, 0x80, 0x06, 0xC0, 0x0C, 0x60, 0x19, 0xBC, 0x71, 0x0E,
    0x7F, 0xE0, 0x1F, 0xE0, 0x00, 0xC0, 0x00, 0x80, 0x1F, 0xF8, 0x18, 0x18,
    0x18, 0x18, 0x1F, 0xF8, 0x18, 0x18, 0x00, 0x00
    },
    {
    0x00, 0x00, 0x3D, 0xFC, 0x7D, 0xE0, 0x65, 0x80, 0x6D, 0x80, 0x6D, 0xFE,
    0x6D, 0xFE, 0x6D, 0x98, 0x65, 0x98, 0x7D, 0x98, 0x7D, 0x18, 0x67, 0x18,
    0x43, 0x18, 0x06, 0x18, 0x04, 0x18, 0x00, 0x00
    },
    {
    0x00, 0x80, 0x00, 0xC0, 0x0F, 0xFC, 0x1F, 0xFC, 0x18, 0x04, 0x18, 0x04,
    0x1F, 0xFC, 0x18, 0x00, 0x18, 0x00, 0x1B, 0xFE, 0x1B, 0x06, 0x12, 0x06,
    0x33, 0x06, 0x73, 0xFE, 0x23, 0x06, 0x00, 0x00
    },
    {
    0x00, 0x00, 0x7B, 0xF8, 0x7D, 0x98, 0x4D, 0x98, 0x6D, 0x90, 0x6D, 0xBC,
    0x6D, 0x8C, 0x6D, 0xC8, 0x4D, 0x58, 0x7F, 0x78, 0x7F, 0x30, 0x46, 0x38,
    0x4C, 0xFE, 0x19, 0x86, 0x00, 0x00, 0x00, 0x00
    },
    {
    0x00, 0x00, 0x09, 0x80, 0x09, 0x80, 0x1F, 0xF8, 0x1F, 0xF8, 0x31, 0x80,
    0x01, 0x80, 0x7F, 0xFE, 0x00, 0x00, 0x0F, 0xF8, 0x1F, 0xF8, 0x18, 0x18,
    0x18, 0x18, 0x1F, 0xF8, 0x1F, 0xF8, 0x08, 0x18
    },
    {
    0x00, 0x20, 0x00, 0x30, 0x7C, 0x20, 0x7D, 0xFE, 0x6F, 0xFE, 0x6F, 0x26,
    0x6F, 0x26, 0x6F, 0x66, 0x6F, 0x76, 0x6F, 0x5E, 0x7F, 0xCE, 0x6F, 0x06,
    0x63, 0x06, 0x63, 0x06, 0x03, 0x0E, 0x00, 0x08
    },
    {
    0x00, 0x40, 0x00, 0x60, 0x78, 0x60, 0x7B, 0xFC, 0x48, 0x60, 0x68, 0x40,
    0x6F, 0xFC, 0x6F, 0xFC, 0x48, 0xE0, 0x79, 0xF0, 0x79, 0xD8, 0x4B, 0x4C,
    0x66, 0x4E, 0x0E, 0x44, 0x00, 0x60, 0x00, 0x40
    },
    {
    0x00, 0x08, 0x7B, 0xFC, 0x7D, 0xE0, 0x6C, 0x24, 0x6F, 0x6C, 0x6D, 0x2C,
    0x6D, 0x28, 0x6C, 0x60, 0x7F, 0xFE, 0x7C, 0x60, 0x68, 0x60, 0x60, 0x60,
    0x00, 0x60, 0x00, 0xE0, 0x00, 0xC0, 0x00, 0x00
    },
    {
    0x01, 0x80, 0x03, 0x80, 0x07, 0xC0, 0x0E, 0x70, 0x1C, 0x3C, 0x7F, 0xFE,
    0x60, 0x02, 0x1E, 0x78, 0x3E, 0xFC, 0x32, 0xCC, 0x32, 0xCC, 0x3E, 0xCC,
    0x3E, 0xDC, 0x32, 0xD8, 0x00, 0xC0, 0x00, 0x40
    },
    {
    0x00, 0x00, 0x1F, 0x00, 0x3E, 0x7E, 0x0C, 0x7E, 0x0C, 0x66, 0x3F, 0x66,
    0x3F, 0x66, 0x0C, 0x66, 0x1F, 0x66, 0x3F, 0x66, 0x35, 0x7E, 0x6C, 0x7E,
    0x0C, 0x66, 0x0C, 0x00, 0x0C, 0x00, 0x00, 0x00
    },
    {
    0x00, 0x00, 0x00, 0x60, 0x7C, 0x60, 0x6F, 0xFE, 0x6C, 0x10, 0x6C, 0x98,
    0x6D, 0x8C, 0x6F, 0x04, 0x6D, 0x98, 0x6D, 0x90, 0x7C, 0xF0, 0x6C, 0xE0,
    0x60, 0xE0, 0x41, 0xFE, 0x07, 0x0E, 0x00, 0x00
    },
    {
    0x00, 0x00, 0x0F, 0xF0, 0x08, 0x30, 0x08, 0x30, 0x08, 0x30, 0x0F, 0xF0,
    0x00, 0x00, 0x3E, 0x7C, 0x3E, 0xFC, 0x22, 0xC4, 0x22, 0xC4, 0x22, 0xC4,
    0x3E, 0xFC, 0x22, 0xC4, 0x00, 0x00, 0x00, 0x00
    },
    {
    0x00, 0x60, 0x00, 0x60, 0x38, 0x40, 0x7F, 0xFE, 0x6B, 0x06, 0x6B, 0x06,
    0x6B, 0x76, 0x6B, 0x56, 0x6B, 0x56, 0x6B, 0x56, 0x7B, 0x76, 0x7F, 0x76,
    0x6B, 0x06, 0x63, 0x0E, 0x03, 0x0C, 0x00, 0x00
    },
    {
    0x00, 0x00, 0x03, 0xFE, 0x78, 0xB0, 0x68, 0xB0, 0x6A, 0xB6, 0x6A, 0xB6,
    0x6A, 0xB4, 0x6A, 0xB4, 0x6B, 0xBC, 0x6B, 0xB8, 0x78, 0xB0, 0x68, 0xB0,
    0x60, 0xB0, 0x07, 0xFE, 0x00, 0x00, 0x00, 0x00
    },
    {
    0x00, 0x00, 0x77, 0xDE, 0x7F, 0xDE, 0x5B, 0x56, 0x7F, 0xD4, 0x5F, 0xD4,
    0x5A, 0x5C, 0x5B, 0xDC, 0x5F, 0xD6, 0x7A, 0xD6, 0x7A, 0xD6, 0x46, 0xDE,
    0x44, 0xDC, 0x0D, 0x90, 0x00, 0x10, 0x00, 0x00
    },
    {
    0x00, 0x00, 0x01, 0xB0, 0x79, 0x90, 0x79, 0xFC, 0x4B, 0xFC, 0x6B, 0x30,
    0x6F, 0xFC, 0x6F, 0xFC, 0x69, 0x30, 0x69, 0xFC, 0x79, 0xFC, 0x69, 0x30,
    0x61, 0xFE, 0x01, 0xFE, 0x03, 0x00, 0x01, 0x00
    },
    {
    0x03, 0xFC, 0x7B, 0xFC, 0x7B, 0x64, 0x4B, 0xFC, 0x4B, 0x64, 0x4B, 0xFC,
    0x49, 0xFC, 0x4F, 0xFE, 0x6B, 0xFE, 0x79, 0x6C, 0x6B, 0x3C, 0x6B, 0x30,
    0x41, 0xDC, 0x03, 0x8E, 0x02, 0x00, 0x00, 0x00
    },
    {
    0x00, 0x20, 0x00, 0x2C, 0x00, 0x24, 0x7F, 0xFE, 0x5E, 0x20, 0x5F, 0xA4,
    0x5F, 0xAC, 0x5E, 0x2C, 0x5F, 0xFC, 0x5F, 0xF8, 0x7F, 0xD8, 0x5D, 0xD0,
    0x4D, 0x7A, 0x08, 0x6E, 0x18, 0xC6, 0x00, 0x00
    },
    {
    0x00, 0x00, 0x3E, 0x7C, 0x32, 0x4C, 0x3E, 0x7C, 0x1E, 0x78, 0x01, 0xB0,
    0x7F, 0xFE, 0x07, 0xF0, 0x7C, 0x3E, 0x3E, 0x7C, 0x3E, 0xFC, 0x32, 0xCC,
    0x3E, 0xFC, 0x3E, 0xFC, 0x12, 0x00, 0x00, 0x00
    },
    {
    0x00, 0x00, 0x01, 0xF8, 0x79, 0x08, 0x49, 0xF8, 0x49, 0xF8, 0x4B, 0x9C,
    0x4F, 0xFE, 0x4E, 0xB6, 0x4F, 0xBC, 0x78, 0x40, 0x7F, 0xFE, 0x49, 0xF0,
    0x43, 0x78, 0x0E, 0x4E, 0x00, 0x64, 0x00, 0x00
    },
    {
    0x00, 0x00, 0x00, 0x00, 0x3F, 0xFC, 0x3F, 0xFC, 0x22, 0x44, 0x22, 0x44,
    0x22, 0x44, 0x26, 0x44, 0x26, 0x4C, 0x2C, 0x7C, 0x3C, 0x74, 0x20, 0x0C,
    0x3F, 0xFC, 0x20, 0x04, 0x00, 0x00, 0x00, 0x00
    },
    {
    0x00, 0x00, 0x3F, 0xFC, 0x3F, 0xFC, 0x30, 0x0C, 0x37, 0xEC, 0x37, 0xEC,
    0x36, 0x6C, 0x36, 0x6C, 0x36, 0x6C, 0x37, 0xEC, 0x30, 0x0C, 0x30, 0x0C,
    0x3F, 0xFC, 0x30, 0x0C, 0x00, 0x00, 0x00, 0x00
    },
    {
    0x00, 0x00, 0x3F, 0xFC, 0x30, 0x0C, 0x21, 0x84, 0x21, 0x84, 0x2F, 0xF4,
    0x21, 0x84, 0x23, 0x84, 0x23, 0x44, 0x26, 0x64, 0x2C, 0x34, 0x20, 0x04,
    0x3F, 0xFC, 0x3F, 0xFC, 0x20, 0x04, 0x00, 0x00
    },
    {
    0x00, 0x00, 0x3F, 0xFC, 0x30, 0x0C, 0x31, 0x8C, 0x31, 0x8C, 0x3F, 0xFC,
    0x33, 0x8C, 0x33, 0xCC, 0x37, 0xEC, 0x3D, 0xBC, 0x3D, 0x9C, 0x31, 0x8C,
    0x3F, 0xFC, 0x30, 0x04, 0x30, 0x00, 0x00, 0x00
    },
    {
    0x00, 0x00, 0x3F, 0xFC, 0x21, 0x04, 0x2F, 0xF4, 0x2F, 0xF4, 0x27, 0xE4,
    0x27, 0xE4, 0x21, 0x04, 0x3F, 0xF4, 0x21, 0x34, 0x21, 0x74, 0x21, 0x04,
    0x3F, 0xFC, 0x3F, 0xFC, 0x20, 0x00, 0x00, 0x00
    },
    {
    0x00, 0x00, 0x3F, 0xFC, 0x20, 0x04, 0x21, 0x84, 0x2F, 0xF4, 0x2F, 0xF4,
    0x21, 0x84, 0x27, 0xE4, 0x27, 0xE4, 0x24, 0x24, 0x27, 0xE4, 0x27, 0xC4,
    0x3F, 0xFC, 0x3F, 0xFC, 0x20, 0x04, 0x00, 0x00
    },
    {
    0x00, 0x00, 0x3F, 0xFC, 0x23, 0x04, 0x23, 0xE4, 0x27, 0xE4, 0x2E, 0x44,
    0x21, 0xC4, 0x27, 0xFC, 0x2F, 0xBC, 0x21, 0xC4, 0x23, 0x04, 0x21, 0xC4,
    0x3F, 0xFC, 0x3F, 0xFC, 0x20, 0x04, 0x00, 0x00
    },
    {
    0x00, 0x00, 0x3F, 0xFC, 0x27, 0xE4, 0x27, 0xE4, 0x27, 0xE4, 0x27, 0xE4,
    0x27, 0xE4, 0x27, 0xE4, 0x25, 0xA4, 0x2D, 0xA4, 0x27, 0x64, 0x2E, 0x34,
    0x2C, 0x04, 0x3F, 0xFC, 0x20, 0x04, 0x00, 0x00
    },
    {
    0x00, 0x00, 0x3F, 0xFC, 0x21, 0x24, 0x25, 0x64, 0x2F, 0xE4, 0x23, 0x04,
    0x3F, 0xF4, 0x26, 0x64, 0x2F, 0xFC, 0x3E, 0xC4, 0x26, 0xA4, 0x23, 0xE4,
    0x20, 0x04, 0x3F, 0xFC, 0x20, 0x04, 0x00, 0x00
    },
    {
    0x01, 0x00, 0x01, 0x80, 0x03, 0x00, 0x3F, 0xFE, 0x06, 0x00, 0x06, 0x60,
    0x0C, 0x60, 0x18, 0x60, 0x3B, 0xFC, 0x78, 0x60, 0x08, 0x60, 0x08, 0x60,
    0x08, 0x60, 0x1F, 0xFE, 0x18, 0x00, 0x00, 0x00
    },
    {
    0x00, 0x20, 0x30, 0x60, 0x33, 0x60, 0x33, 0x64, 0x33, 0x7C, 0x7B, 0xFC,
    0x37, 0xE4, 0x37, 0x6C, 0x33, 0x6C, 0x33, 0x7C, 0x33, 0x68, 0x3F, 0x26,
    0x73, 0x06, 0x01, 0xFE, 0x01, 0xFC, 0x00, 0x00
    },
    {
    0x00, 0x00, 0x19, 0xFC, 0x11, 0xFC, 0x10, 0x18, 0x18, 0x60, 0x7C, 0xC0,
    0x19, 0xFE, 0x11, 0x5A, 0x18, 0xD2, 0x10, 0xD6, 0x1D, 0xB6, 0x7B, 0x36,
    0x72, 0x66, 0x00, 0xCE, 0x01, 0x8C, 0x00, 0x00
    },
    {
    0x00, 0x40, 0x18, 0x60, 0x18, 0xC0, 0x18, 0xFE, 0x18, 0xFE, 0x7D, 0x86,
    0x1B, 0x66, 0x1B, 0x66, 0x18, 0x26, 0x18, 0x1E, 0x18, 0xF6, 0x3F, 0xE6,
    0x78, 0x06, 0x00, 0x06, 0x00, 0x1C, 0x00, 0x18
    },
    {
    0x18, 0x00, 0x13, 0xFE, 0x10, 0x30, 0x10, 0x20, 0x7E, 0x60, 0x10, 0x60,
    0x10, 0xE0, 0x10, 0xEC, 0x11, 0xEC, 0x1F, 0xE6, 0x7F, 0x66, 0x66, 0x60,
    0x00, 0x60, 0x00, 0x60, 0x00, 0x60, 0x00, 0x00
    },
    {
    0x00, 0x40, 0x10, 0x40, 0x10, 0x40, 0x11, 0xFC, 0x11, 0xFC, 0x7C, 0x4C,
    0x10, 0x4C, 0x10, 0x4C, 0x13, 0xFE, 0x10, 0xE0, 0x1C, 0xE0, 0x7C, 0xB0,
    0x61, 0x98, 0x07, 0x0E, 0x0E, 0x06, 0x00, 0x00
    },
    {
    0x00, 0x00, 0x3E, 0x30, 0x3E, 0x20, 0x26, 0x20, 0x24, 0x30, 0x26, 0x70,
    0x22, 0x58, 0x26, 0xCC, 0x2D, 0x8E, 0x21, 0x80, 0x3F, 0xF8, 0x3F, 0xF8,
    0x01, 0x80, 0x7F, 0xFC, 0x7F, 0xFE, 0x00, 0x00
    },
    {
    0x00, 0x00, 0x00, 0x04, 0x3F, 0xA4, 0x1B, 0x24, 0x1B, 0x24, 0x7F, 0xA4,
    0x7F, 0xA4, 0x1B, 0x24, 0x33, 0x04, 0x61, 0x9C, 0x01, 0x88, 0x1F, 0xF8,
    0x01, 0x80, 0x01, 0x80, 0x7F, 0xFE, 0x00, 0x00
    },
    {
    0x18, 0x40, 0x18, 0x40, 0x7D, 0xF8, 0x19, 0xD8, 0x1D, 0xD8, 0x7D, 0xD8,
    0x59, 0xF8, 0x1B, 0x0E, 0x3B, 0x0E, 0x01, 0x00, 0x3F, 0xF8, 0x01, 0x00,
    0x01, 0x00, 0x7F, 0xFE, 0x00, 0x00, 0x00, 0x00
    },
    {
    0x00, 0x00, 0x04, 0x30, 0x0C, 0x30, 0x3F, 0xFE, 0x0F, 0xF0, 0x0F, 0xF0,
    0x0F, 0xF0, 0x0F, 0xF0, 0x7F, 0xFE, 0x7F, 0xFE, 0x0C, 0x98, 0x3F, 0xFE,
    0x67, 0xE4, 0x00, 0x80, 0x1F, 0xFC, 0x00, 0x00
    },
    {
    0x00, 0x00, 0x11, 0xB0, 0x11, 0x90, 0x11, 0xFE, 0x13, 0xFE, 0x7F, 0x30,
    0x17, 0xFC, 0x17, 0xFC, 0x11, 0x30, 0x11, 0x30, 0x1D, 0xFE, 0x7D, 0x30,
    0x61, 0x30, 0x01, 0xFE, 0x01, 0x00, 0x01, 0x00
    },
    {
    0x00, 0x00, 0x30, 0xC4, 0x33, 0xFC, 0x33, 0xF8, 0x30, 0xD8, 0x7F, 0xFE,
    0x37, 0xFE, 0x31, 0x80, 0x37, 0xFC, 0x35, 0x0C, 0x39, 0xFC, 0x79, 0xFC,
    0x61, 0x0C, 0x01, 0xFC, 0x01, 0x0C, 0x00, 0x00
    },
    {
    0x00, 0x00, 0x01, 0x80, 0x3F, 0xFC, 0x7F, 0xFE, 0x66, 0x66, 0x1F, 0xF8,
    0x1F, 0xF8, 0x1F, 0xF8, 0x7F, 0xFE, 0x7F, 0xFE, 0x19, 0xB8, 0x7F, 0xFE,
    0x4F, 0xF0, 0x01, 0x80, 0x3F, 0xFC, 0x00, 0x00
    },
    {
    0x00, 0x60, 0x10, 0x60, 0x13, 0xFE, 0x10, 0x60, 0x31, 0xFC, 0x7D, 0x0C,
    0x31, 0xFC, 0x11, 0xFC, 0x11, 0xFC, 0x11, 0xFC, 0x3D, 0xFC, 0x7F, 0xFE,
    0x60, 0x90, 0x01, 0x9C, 0x07, 0x06, 0x00, 0x00
    },
    {
    0x00, 0x00, 0x10, 0x60, 0x33, 0xFC, 0x31, 0x90, 0x31, 0x90, 0x7F, 0xFE,
    0x33, 0xFC, 0x33, 0xFC, 0x33, 0xFC, 0x33, 0xFC, 0x3F, 0xFC, 0x7B, 0xF8,
    0x61, 0xB0, 0x03, 0x36, 0x0E, 0x3E, 0x00, 0x00
    },
    {
    0x00, 0x00, 0x10, 0xC8, 0x10, 0xD8, 0x13, 0xFE, 0x13, 0x2A, 0x7F, 0xEA,
    0x13, 0x22, 0x13, 0xFE, 0x11, 0xFE, 0x11, 0xFC, 0x1D, 0x86, 0x7D, 0xFC,
    0x61, 0x04, 0x01, 0xFC, 0x01, 0xFC, 0x00, 0x04
    },
    {
    0x00, 0x00, 0x00, 0x10, 0x3F, 0x10, 0x33, 0xFE, 0x3F, 0x6C, 0x3E, 0x68,
    0x3E, 0xFE, 0x3F, 0x10, 0x7B, 0x7C, 0x5F, 0x10, 0x00, 0x90, 0x1F, 0xFC,
    0x0F, 0xFC, 0x00, 0x80, 0x3F, 0xFE, 0x00, 0x00
    },
    {
    0x00, 0x80, 0x01, 0x80, 0x3F, 0xFE, 0x3F, 0xFE, 0x01, 0x80, 0x1F, 0xFC,
    0x00, 0x00, 0x1F, 0xFC, 0x1F, 0xFC, 0x10, 0x8C, 0x1F, 0xFC, 0x1F, 0xFC,
    0x30, 0x00, 0x30, 0x00, 0x60, 0x00, 0x00, 0x00
    },
    {
    0x00, 0x20, 0x18, 0x60, 0x18, 0x60, 0x1F, 0x20, 0x1F, 0xB0, 0x31, 0x3C,
    0x31, 0x6E, 0x7B, 0x66, 0x5B, 0x60, 0x0A, 0x60, 0x0E, 0x60, 0x0E, 0x60,
    0x1B, 0xE0, 0x71, 0xFE, 0x20, 0x3E, 0x00, 0x00
    },
    {
    0x02, 0x00, 0x06, 0x00, 0x0F, 0xF8, 0x0C, 0x30, 0x1E, 0x70, 0x33, 0xE0,
    0x03, 0xE0, 0x7E, 0x7E, 0x7F, 0xFE, 0x1F, 0xF8, 0x19, 0x98, 0x1F, 0xF8,
    0x19, 0x98, 0x1F, 0xF8, 0x18, 0x08, 0x10, 0x00
    },
    {
    0x00, 0x00, 0x0C, 0x00, 0x1F, 0xFC, 0x3F, 0xFC, 0x7F, 0xF8, 0x18, 0x18,
    0x1F, 0xF8, 0x18, 0x18, 0x1F, 0xF8, 0x0E, 0x00, 0x1F, 0xF8, 0x36, 0x30,
    0x03, 0xE0, 0x1F, 0xFE, 0x7C, 0x1E, 0x00, 0x00
    },
    {
    0x00, 0x10, 0x18, 0x30, 0x18, 0x30, 0x1E, 0x10, 0x1F, 0xD0, 0x33, 0xD0,
    0x33, 0x70, 0x6B, 0x70, 0x6E, 0x30, 0x06, 0x18, 0x04, 0x3E, 0x0C, 0x36,
    0x38, 0x30, 0x70, 0x30, 0x00, 0x30, 0x00, 0x00
    },
    {
    0x00, 0x00, 0x03, 0x00, 0x07, 0xF8, 0x0F, 0xF8, 0x1C, 0x30, 0x16, 0x60,
    0x03, 0x80, 0x1F, 0x80, 0x3B, 0xFC, 0x07, 0xFC, 0x1F, 0x08, 0x19, 0x98,
    0x00, 0xF0, 0x3F, 0xC0, 0x3E, 0x00, 0x00, 0x00
    },
    {
    0x00, 0x00, 0x01, 0x80, 0x01, 0x80, 0x01, 0x80, 0x01, 0x80, 0x7F, 0xFE,
    0x01, 0x80, 0x01, 0x80, 0x01, 0xC0, 0x03, 0x40, 0x02, 0x60, 0x06, 0x30,
    0x0C, 0x38, 0x38, 0x1E, 0x30, 0x04, 0x00, 0x00
    },
    {
    0x00, 0x00, 0x30, 0x1C, 0x3F, 0xFC, 0x01, 0x80, 0x01, 0x80, 0x01, 0x80,
    0x7F, 0xFE, 0x01, 0x80, 0x03, 0xC0, 0x03, 0xC0, 0x07, 0x60, 0x06, 0x70,
    0x1C, 0x3C, 0x78, 0x1E, 0x70, 0x04, 0x00, 0x00
    },
    {
    0x01, 0x80, 0x01, 0x80, 0x01, 0x80, 0x01, 0x80, 0x7F, 0xFE, 0x03, 0x80,
    0x03, 0x80, 0x03, 0xC0, 0x03, 0x40, 0x06, 0x60, 0x0C, 0x30, 0x19, 0x9C,
    0x71, 0x8E, 0x60, 0x04, 0x00, 0x00, 0x00, 0x00
    },
    {
    0x00, 0x80, 0x09, 0x80, 0x19, 0x80, 0x1F, 0xF8, 0x1F, 0xF8, 0x31, 0x80,
    0x01, 0x80, 0x7F, 0xFE, 0x7F, 0xFE, 0x01, 0x80, 0x03, 0xC0, 0x06, 0x60,
    0x0C, 0x3C, 0x78, 0x1E, 0x20, 0x04, 0x00, 0x00
    },
    {
    0x00, 0x40, 0x00, 0x60, 0x0C, 0x40, 0x06, 0x40, 0x02, 0xC0, 0x38, 0xC0,
    0x0C, 0xC0, 0x00, 0xC0, 0x7F, 0xFE, 0x7F, 0xFE, 0x01, 0x80, 0x03, 0xB0,
    0x07, 0x18, 0x3C, 0x0C, 0x38, 0x04, 0x00, 0x00
    },
    {
    0x00, 0x00, 0x01, 0x80, 0x3F, 0xFC, 0x3F, 0xFC, 0x1F, 0xF8, 0x03, 0x00,
    0x7F, 0xFE, 0x0C, 0x30, 0x1F, 0xF8, 0x77, 0xEE, 0x3F, 0xFC, 0x1F, 0xF8,
    0x03, 0xE0, 0x3E, 0x38, 0x38, 0x08, 0x00, 0x00
    },
    {
    0x01, 0x00, 0x01, 0x80, 0x7F, 0xFE, 0x7F, 0xFE, 0x06, 0x60, 0x1D, 0xB8,
    0x7F, 0xFE, 0x6F, 0xF0, 0x05, 0x90, 0x04, 0x30, 0x7F, 0xFE, 0x7F, 0xFE,
    0x0C, 0x30, 0x38, 0x30, 0x20, 0x30, 0x00, 0x00
    },
    {
    0x01, 0x00, 0x03, 0x00, 0x7F, 0xFE, 0x06, 0xE0, 0x0C, 0x30, 0x1F, 0xFC,
    0x7F, 0xFE, 0x6C, 0xF0, 0x0F, 0xF0, 0x0F, 0xF0, 0x7F, 0xFE, 0x7F, 0xFE,
    0x04, 0x30, 0x1F, 0xF8, 0x18, 0x08, 0x00, 0x00
    },
    {
    0x00, 0x20, 0x10, 0x20, 0x10, 0x20, 0x31, 0xA4, 0x7D, 0xBC, 0x35, 0xF4,
    0x27, 0xA4, 0x2D, 0xA4, 0x6D, 0xA4, 0x79, 0xBC, 0x39, 0xA8, 0x1D, 0xA0,
    0x37, 0x86, 0x71, 0xFE, 0x60, 0xFC, 0x00, 0x00
    },
    {
    0x00, 0x00, 0x18, 0x00, 0x18, 0xFE, 0x18, 0x0E, 0x7E, 0x18, 0x12, 0x30,
    0x32, 0x10, 0x37, 0xFE, 0x26, 0xFE, 0x36, 0x10, 0x3C, 0x30, 0x0E, 0x30,
    0x1E, 0x30, 0x30, 0x70, 0x60, 0x70, 0x00, 0x00
    },
    {
    0x08, 0x00, 0x0C, 0x00, 0x0C, 0x00, 0x08, 0x7E, 0x7F, 0x66, 0x1B, 0x66,
    0x1B, 0x66, 0x1B, 0x66, 0x13, 0x66, 0x1E, 0x66, 0x0E, 0x66, 0x0F, 0x66,
    0x19, 0xFE, 0x30, 0x66, 0x20, 0x40, 0x00, 0x00
    },
    {
    0x00, 0x00, 0x18, 0x60, 0x10, 0x60, 0x30, 0xC8, 0x7C, 0x8C, 0x37, 0xFE,
    0x27, 0xFE, 0x24, 0x00, 0x6C, 0xFC, 0x7D, 0xFC, 0x39, 0x8C, 0x1D, 0x8C,
    0x37, 0xFC, 0x71, 0xFC, 0x61, 0x84, 0x00, 0x00
    },
    {
    0x00, 0x00, 0x1F, 0xF8, 0x00, 0x30, 0x00, 0xE0, 0x01, 0xC0, 0x01, 0x80,
    0x7F, 0xFE, 0x7F, 0xFE, 0x01, 0x80, 0x01, 0x80, 0x01, 0x80, 0x01, 0x80,
    0x01, 0x80, 0x07, 0x80, 0x02, 0x00, 0x00, 0x00
    },
    {
    0x00, 0x00, 0x01, 0x80, 0x3F, 0xFC, 0x7F, 0xFC, 0x60, 0x04, 0x6F, 0xF4,
    0x0F, 0xF0, 0x00, 0xE0, 0x01, 0x80, 0x7F, 0xFE, 0x01, 0x80, 0x01, 0x80,
    0x01, 0x80, 0x03, 0x80, 0x03, 0x80, 0x00, 0x00
    },
    {
    0x00, 0x00, 0x01, 0x80, 0x03, 0x00, 0x3F, 0xFE, 0x06, 0x00, 0x04, 0x00,
    0x0D, 0xFC, 0x1C, 0x18, 0x7C, 0x30, 0x6F, 0xFE, 0x0F, 0xFE, 0x0C, 0x30,
    0x0C, 0x30, 0x0C, 0x30, 0x0C, 0xE0, 0x00, 0x40
    },
    {
    0x00, 0x00, 0x01, 0x80, 0x01, 0x80, 0x7F, 0xFE, 0x60, 0x06, 0x68, 0x06,
    0x2C, 0x00, 0x0C, 0x38, 0x0F, 0xF8, 0x0F, 0x00, 0x0C, 0x00, 0x0C, 0x00,
    0x0C, 0x0C, 0x0F, 0xFC, 0x07, 0xF8, 0x00, 0x00
    },
    {
    0x00, 0x00, 0x01, 0x80, 0x01, 0x80, 0x3F, 0xFC, 0x20, 0x04, 0x23, 0x04,
    0x02, 0x00, 0x7F, 0xFE, 0x7F, 0xFE, 0x0C, 0x20, 0x0E, 0x60, 0x03, 0xC0,
    0x03, 0xF0, 0x3F, 0x1C, 0x38, 0x0C, 0x00, 0x00
    },
    {
    0x00, 0x80, 0x01, 0x80, 0x3F, 0xFC, 0x3F, 0xFC, 0x20, 0x04, 0x2F, 0xF4,
    0x00, 0x00, 0x00, 0x00, 0x3F, 0xFE, 0x06, 0x40, 0x06, 0x40, 0x06, 0x40,
    0x0C, 0x46, 0x38, 0x7C, 0x30, 0x38, 0x00, 0x00
    },
    {
    0x01, 0x00, 0x01, 0x80, 0x7F, 0xFC, 0x7F, 0xFE, 0x60, 0x06, 0x5F, 0xF2,
    0x18, 0x10, 0x18, 0x10, 0x1F, 0xF0, 0x18, 0x00, 0x1F, 0xF8, 0x18, 0x18,
    0x18, 0x18, 0x1F, 0xF8, 0x18, 0x18, 0x00, 0x00
    },
    {
    0x00, 0x00, 0x01, 0x80, 0x01, 0x80, 0x7F, 0xFE, 0x60, 0x06, 0x60, 0x06,
    0x3F, 0xF8, 0x01, 0x80, 0x09, 0x80, 0x19, 0xFC, 0x19, 0x80, 0x19, 0x80,
    0x37, 0x80, 0x63, 0xFE, 0x60, 0xFE, 0x00, 0x00
    },
    {
    0x01, 0x00, 0x01, 0x80, 0x3F, 0xFC, 0x7F, 0xFC, 0x60, 0x04, 0x68, 0x04,
    0x1E, 0xF8, 0x1F, 0xD8, 0x32, 0xC8, 0x3E, 0xD8, 0x6E, 0xD8, 0x0C, 0xD0,
    0x0C, 0xC6, 0x18, 0xCE, 0x70, 0xFC, 0x00, 0x00
    },
    {
    0x00, 0x80, 0x01, 0x80, 0x3F, 0xFC, 0x7F, 0xFE, 0x60, 0x46, 0x2E, 0xC4,
    0x02, 0xC0, 0x18, 0xC0, 0x0C, 0xC0, 0x7F, 0xFE, 0x7F, 0xFE, 0x01, 0x80,
    0x03, 0x70, 0x1E, 0x1C, 0x38, 0x0C, 0x00, 0x00
    },
    {
    0x00, 0x00, 0x01, 0x80, 0x01, 0x80, 0x7F, 0xFE, 0x60, 0x06, 0x7F, 0xF4,
    0x1F, 0xF0, 0x06, 0x20, 0x1F, 0xF8, 0x1F, 0xE8, 0x01, 0x80, 0x3F, 0xFC,
    0x01, 0x80, 0x01, 0x80, 0x7F, 0xFE, 0x00, 0x00
    },
    {
    0x00, 0x00, 0x01, 0x80, 0x7F, 0xFE, 0x61, 0x86, 0x61, 0x96, 0x0F, 0xF0,
    0x1F, 0xF8, 0x1F, 0xF8, 0x7F, 0xFE, 0x7F, 0xFE, 0x01, 0x80, 0x1F, 0xF8,
    0x18, 0x18, 0x1F, 0xF8, 0x1F, 0xF8, 0x00, 0x08
    },
    {
    0x01, 0x00, 0x01, 0x80, 0x3F, 0xFC, 0x7F, 0xFC, 0x6F, 0xF4, 0x2F, 0xF4,
    0x07, 0x08, 0x1F, 0x18, 0x73, 0xF0, 0x0E, 0xF0, 0x39, 0xD0, 0x26, 0xD8,
    0x1C, 0xCE, 0x73, 0x86, 0x03, 0x80, 0x00, 0x00
    },
    {
    0x01, 0x00, 0x01, 0x80, 0x3F, 0xFC, 0x20, 0x04, 0x24, 0x64, 0x0C, 0x38,
    0x39, 0x8C, 0x13, 0xC0, 0x0E, 0x70, 0x38, 0x3E, 0x7F, 0xFE, 0x08, 0x10,
    0x08, 0x10, 0x0F, 0xF0, 0x08, 0x10, 0x08, 0x00
    },
    {
    0x01, 0x00, 0x01, 0x80, 0x3F, 0xFC, 0x7F, 0xFE, 0x66, 0x46, 0x1F, 0xF8,
    0x06, 0x40, 0x0F, 0xF0, 0x1F, 0xF8, 0x19, 0x18, 0x19, 0x98, 0x1B, 0xD8,
    0x03, 0x42, 0x0E, 0xC6, 0x78, 0x7C, 0x00, 0x00
    },
    {
    0x00, 0x08, 0x00, 0x0C, 0x7E, 0x0C, 0x7E, 0x0C, 0x07, 0xFE, 0x26, 0x0C,
    0x36, 0x0C, 0x1C, 0xCC, 0x0C, 0xCC, 0x0C, 0x6C, 0x1E, 0x0C, 0x36, 0x0C,
    0x73, 0x0C, 0x60, 0x3C, 0x00, 0x38, 0x00, 0x00
    },
    {
    0x00, 0x00, 0x1F, 0xF8, 0x00, 0x08, 0x1F, 0xF8, 0x1F, 0xF8, 0x00, 0x08,
    0x1F, 0xF8, 0x00, 0x30, 0x00, 0x70, 0x7F, 0xFE, 0x08, 0x30, 0x0C, 0x30,
    0x04, 0x30, 0x00, 0xE0, 0x00, 0x40, 0x00, 0x00
    },
    {
    0x00, 0x00, 0x1F, 0xF8, 0x18, 0x18, 0x18, 0x18, 0x1F, 0xF8, 0x10, 0x06,
    0x1F, 0xFE, 0x0F, 0xFC, 0x00, 0x30, 0x7F, 0xFE, 0x7F, 0xFE, 0x0C, 0x30,
    0x0C, 0x30, 0x00, 0xF0, 0x00, 0xE0, 0x00, 0x00
    },
    {
    0x08, 0x00, 0x08, 0x0C, 0x3F, 0x0C, 0x3F, 0x0C, 0x3F, 0x7E, 0x3F, 0xFF,
    0x33, 0x0C, 0x3F, 0x6C, 0x33, 0xEC, 0x7F, 0xAC, 0x67, 0x0C, 0x1F, 0x0C,
    0x73, 0x0C, 0x63, 0x3C, 0x07, 0x18, 0x00, 0x00
    },
    {
    0x00, 0x00, 0x01, 0x80, 0x01, 0x80, 0x01, 0x80, 0x01, 0x80, 0x19, 0x98,
    0x19, 0x98, 0x11, 0x8C, 0x31, 0x8C, 0x31, 0x86, 0x61, 0x86, 0x01, 0x80,
    0x01, 0x80, 0x03, 0x80, 0x03, 0x00, 0x00, 0x00
    },
    {
    0x00, 0x00, 0x01, 0x80, 0x01, 0x80, 0x19, 0xB0, 0x19, 0x98, 0x11, 0x8C,
    0x31, 0x8E, 0x61, 0x80, 0x21, 0x98, 0x07, 0x98, 0x03, 0x30, 0x00, 0xE0,
    0x03, 0xC0, 0x3F, 0x00, 0x38, 0x00, 0x00, 0x00
    },
    {
    0x04, 0x00, 0x06, 0x00, 0x0C, 0x00, 0x0F, 0xFC, 0x1F, 0xFC, 0x30, 0x8C,
    0x31, 0x88, 0x01, 0x80, 0x0D, 0xB0, 0x0D, 0x98, 0x19, 0x9C, 0x31, 0x8E,
    0x61, 0x86, 0x01, 0x80, 0x03, 0x80, 0x02, 0x00
    },
    {
    0x00, 0x80, 0x01, 0x88, 0x19, 0x9C, 0x0D, 0xB8, 0x01, 0xB0, 0x3F, 0xFC,
    0x3F, 0xFC, 0x30, 0x04, 0x37, 0xEC, 0x36, 0x6C, 0x36, 0x6C, 0x37, 0xEC,
    0x37, 0xC4, 0x30, 0x1C, 0x20, 0x1C, 0x00, 0x00
    },
    {
    0x00, 0x00, 0x01, 0x98, 0x19, 0x98, 0x09, 0xB0, 0x7F, 0xFE, 0x60, 0x06,
    0x60, 0x06, 0x6F, 0xF0, 0x00, 0x00, 0x7F, 0xFE, 0x7F, 0xFE, 0x06, 0x20,
    0x0C, 0x30, 0x1F, 0xF8, 0x1E, 0x0C, 0x00, 0x00
    },
    {
    0x00, 0x00, 0x0C, 0x20, 0x08, 0x2C, 0x7F, 0xAC, 0x00, 0x60, 0x3F, 0xFE,
    0x23, 0x60, 0x23, 0x78, 0x3F, 0x78, 0x0C, 0x78, 0x2F, 0x58, 0x6D, 0x58,
    0x4C, 0xDA, 0x1D, 0x9B, 0x19, 0x9E, 0x00, 0x00
    },
    {
    0x00, 0x00, 0x1F, 0xF8, 0x18, 0x0C, 0x18, 0x0C, 0x1F, 0xFC, 0x1F, 0xF8,
    0x18, 0x40, 0x18, 0x60, 0x33, 0x38, 0x31, 0xDE, 0x60, 0xC6, 0x46, 0x00,
    0x07, 0x80, 0x01, 0xE0, 0x00, 0x60, 0x00, 0x00
    },
    {
    0x00, 0x00, 0x3F, 0xFC, 0x30, 0x0C, 0x3F, 0xFC, 0x3F, 0xF8, 0x30, 0x38,
    0x3F, 0xF8, 0x30, 0xC0, 0x37, 0xFC, 0x30, 0xC0, 0x3F, 0xFC, 0x2F, 0xF0,
    0x60, 0xC6, 0x60, 0xFE, 0x00, 0x00, 0x00, 0x00
    },
    {
    0x00, 0x00, 0x1F, 0xFC, 0x18, 0x0C, 0x18, 0x0C, 0x1F, 0xFC, 0x18, 0x00,
    0x1F, 0xFE, 0x1F, 0xFE, 0x10, 0x06, 0x17, 0xE6, 0x36, 0x26, 0x37, 0xE6,
    0x67, 0xE6, 0x62, 0x0C, 0x00, 0x08, 0x00, 0x00
    },
    {
    0x00, 0x00, 0x1F, 0xFC, 0x10, 0x04, 0x1F, 0xFC, 0x1F, 0xFC, 0x10, 0x00,
    0x17, 0xFC, 0x30, 0x00, 0x3F, 0xFE, 0x3F, 0xFE, 0x31, 0x90, 0x33, 0x18,
    0x67, 0x7C, 0x67, 0xFC, 0x00, 0x00, 0x00, 0x00
    },
    {
    0x00, 0x00, 0x3F, 0xFC, 0x30, 0x0C, 0x1F, 0xFC, 0x1F, 0xFC, 0x10, 0x40,
    0x1F, 0xFE, 0x1F, 0xFE, 0x30, 0x40, 0x37, 0xFC, 0x37, 0xFC, 0x34, 0x0C,
    0x67, 0xFC, 0x67, 0xFC, 0x04, 0x04, 0x00, 0x00
    },
    {
    0x00, 0x00, 0x3F, 0xFC, 0x30, 0x0C, 0x3F, 0xFC, 0x3F, 0xFC, 0x33, 0x18,
    0x31, 0x30, 0x37, 0xFE, 0x31, 0x10, 0x3F, 0xFE, 0x3F, 0xFE, 0x23, 0x10,
    0x67, 0x30, 0x4E, 0x30, 0x00, 0x10, 0x00, 0x00
    },
    {
    0x00, 0x00, 0x3F, 0xFC, 0x30, 0x0C, 0x3F, 0xFC, 0x3F, 0xF8, 0x33, 0x20,
    0x37, 0xFC, 0x33, 0x20, 0x3F, 0xFE, 0x3F, 0xFE, 0x36, 0xC8, 0x26, 0x70,
    0x67, 0xB8, 0x67, 0x1E, 0x04, 0x04, 0x00, 0x00
    },
    {
    0x00, 0x00, 0x1F, 0xFE, 0x10, 0x06, 0x1F, 0xFE, 0x17, 0xFC, 0x17, 0xFC,
    0x17, 0xFC, 0x16, 0xCC, 0x37, 0xFC, 0x34, 0xC0, 0x3F, 0xFE, 0x24, 0xFE,
    0x65, 0xFE, 0x64, 0x0E, 0x04, 0x04, 0x00, 0x00
    },
    {
    0x00, 0x00, 0x00, 0x00, 0x3F, 0xFC, 0x01, 0x80, 0x01, 0x80, 0x01, 0x80,
    0x01, 0x80, 0x01, 0x80, 0x01, 0x80, 0x01, 0x80, 0x01, 0x80, 0x01, 0x80,
    0x7F, 0xFE, 0x7F, 0xFE, 0x00, 0x00, 0x00, 0x00
    },
    {
    0x00, 0x00, 0x03, 0x00, 0x03, 0x00, 0x03, 0x00, 0x3F, 0xFE, 0x06, 0x00,
    0x06, 0x00, 0x04, 0x00, 0x0F, 0xFC, 0x0F, 0xFC, 0x18, 0x40, 0x30, 0x40,
    0x60, 0x40, 0x0F, 0xFE, 0x0F, 0xFE, 0x00, 0x00
    },
    {
    0x00, 0x00, 0x06, 0x30, 0x06, 0x60, 0x3F, 0xFC, 0x3F, 0xFC, 0x1F, 0xF8,
    0x1F, 0xFC, 0x01, 0x80, 0x7F, 0xFE, 0x06, 0x00, 0x0F, 0xF8, 0x1F, 0xF8,
    0x30, 0xC0, 0x60, 0xC0, 0x0F, 0xFE, 0x00, 0x00
    },
    {
    0x00, 0x00, 0x3F, 0xF0, 0x7F, 0xF8, 0x00, 0x18, 0x00, 0x18, 0x00, 0x18,
    0x1F, 0xF8, 0x3F, 0xF8, 0x30, 0x00, 0x30, 0x00, 0x30, 0x04, 0x30, 0x0C,
    0x3F, 0xFC, 0x1F, 0xF8, 0x00, 0x00, 0x00, 0x00
    },
    {
    0x00, 0x00, 0x3F, 0xF0, 0x7F, 0xF8, 0x00, 0x18, 0x00, 0x18, 0x30, 0x18,
    0x3F, 0xF8, 0x3F, 0xF8, 0x30, 0x10, 0x30, 0x00, 0x30, 0x00, 0x30, 0x0C,
    0x30, 0x0C, 0x3F, 0xFC, 0x0F, 0xF0, 0x00, 0x00
    },
    {
    0x00, 0x00, 0x01, 0x80, 0x03, 0x80, 0x7F, 0xFF, 0x06, 0x00, 0x06, 0xC0,
    0x0C, 0xC0, 0x1F, 0xFC, 0x3F, 0xFC, 0x6C, 0xC4, 0x6C, 0xCC, 0x0C, 0xC4,
    0x0C, 0xDC, 0x0C, 0xDC, 0x00, 0xC0, 0x00, 0xC0
    },
    {
    0x00, 0x00, 0x0E, 0x30, 0x03, 0xE0, 0x07, 0xE0, 0x1F, 0x38, 0x13, 0x08,
    0x7F, 0xFE, 0x0C, 0x80, 0x0C, 0x80, 0x3F, 0xFC, 0x7C, 0x8C, 0x4C, 0x8C,
    0x0C, 0x8C, 0x0C, 0x9C, 0x00, 0x90, 0x00, 0x80
    },
    {
    0x00, 0x00, 0x09, 0x90, 0x3F, 0xFE, 0x7F, 0xFE, 0x09, 0x90, 0x00, 0x00,
    0x7F, 0xFE, 0x61, 0x86, 0x01, 0x84, 0x1F, 0xF8, 0x19, 0x98, 0x19, 0x98,
    0x19, 0x98, 0x19, 0xB8, 0x01, 0x90, 0x01, 0x80
    },
    {
    0x00, 0x20, 0x18, 0x60, 0x18, 0x7E, 0x18, 0x60, 0x7E, 0x60, 0x7F, 0xFC,
    0x5F, 0x84, 0x5F, 0xB4, 0x5F, 0xB4, 0x5F, 0xA4, 0x5F, 0xA4, 0x5F, 0xA4,
    0x5C, 0x78, 0x18, 0xCC, 0x1B, 0x86, 0x00, 0x00
    },
    {
    0x00, 0x80, 0x00, 0xC0, 0x3F, 0xFE, 0x30, 0x10, 0x33, 0x10, 0x3F, 0xFE,
    0x33, 0x10, 0x33, 0xF0, 0x30, 0x40, 0x37, 0xFC, 0x37, 0xFC, 0x36, 0x44,
    0x26, 0x4C, 0x66, 0x4C, 0x20, 0x40, 0x00, 0x00
    },
    {
    0x00, 0x00, 0x19, 0x90, 0x09, 0xB0, 0x7F, 0xFE, 0x7F, 0xFE, 0x6F, 0xF6,
    0x4F, 0xF2, 0x08, 0x10, 0x0F, 0xF0, 0x01, 0x80, 0x1F, 0xF8, 0x3F, 0xF8,
    0x31, 0x88, 0x31, 0xB8, 0x11, 0x80, 0x00, 0x00
    },
    {
    0x00, 0x00, 0x3F, 0xFC, 0x2F, 0xF6, 0x3F, 0xFC, 0x0F, 0xF8, 0x0F, 0xF8,
    0x0F, 0xF8, 0x02, 0x00, 0x7F, 0xFE, 0x0D, 0xB0, 0x3F, 0xFE, 0x79, 0x9E,
    0x09, 0x90, 0x19, 0xB0, 0x01, 0x80, 0x00, 0x00
    },
    {
    0x00, 0x40, 0x06, 0x60, 0x7F, 0xFE, 0x1F, 0xF8, 0x1F, 0xF8, 0x1F, 0xF8,
    0x1F, 0xF8, 0x1F, 0xF8, 0x7F, 0xFE, 0x7F, 0xFE, 0x1D, 0x98, 0x7F, 0xFE,
    0x69, 0x90, 0x09, 0xB0, 0x09, 0xB0, 0x00, 0x00
    },
    {
    0x00, 0x00, 0x3F, 0xFC, 0x01, 0x80, 0x01, 0x80, 0x19, 0x98, 0x09, 0x98,
    0x0D, 0xB0, 0x01, 0xA0, 0x7F, 0xFE, 0x7F, 0xFE, 0x01, 0x80, 0x01, 0x80,
    0x01, 0x80, 0x01, 0x80, 0x01, 0x80, 0x00, 0x00
    },
    {
    0x00, 0x00, 0x0C, 0x30, 0x06, 0x60, 0x00, 0x40, 0x3F, 0xFC, 0x06, 0x60,
    0x06, 0x20, 0x06, 0x20, 0x7F, 0xFE, 0x7F, 0xFE, 0x04, 0x20, 0x0C, 0x60,
    0x0C, 0x60, 0x38, 0x60, 0x30, 0x60, 0x00, 0x20
    },
    {
    0x00, 0x00, 0x01, 0x80, 0x1F, 0xFC, 0x1F, 0xFC, 0x01, 0x80, 0x7F, 0xFE,
    0x04, 0x60, 0x04, 0x60, 0x7F, 0xFE, 0x3F, 0xFE, 0x01, 0x80, 0x3F, 0xFC,
    0x1F, 0xFC, 0x01, 0x80, 0x01, 0x80, 0x01, 0x80
    },
    {
    0x00, 0x80, 0x00, 0xC0, 0x1F, 0xFE, 0x3F, 0xFE, 0x30, 0x00, 0x37, 0xFC,
    0x30, 0x98, 0x30, 0xE0, 0x37, 0xFE, 0x37, 0xFE, 0x30, 0x44, 0x30, 0x60,
    0x30, 0x60, 0x60, 0x60, 0x61, 0xC0, 0x00, 0x80
    },
    {
    0x00, 0x80, 0x00, 0xC0, 0x1F, 0xFE, 0x1F, 0xFE, 0x10, 0x80, 0x1F, 0xFE,
    0x13, 0x00, 0x13, 0x60, 0x37, 0xFC, 0x37, 0xFC, 0x30, 0x60, 0x3F, 0xFE,
    0x2F, 0xFE, 0x60, 0x60, 0x60, 0x60, 0x00, 0x20
    },
    {
    0x00, 0x00, 0x00, 0xC0, 0x00, 0xC0, 0x3F, 0xFE, 0x30, 0x00, 0x10, 0x00,
    0x10, 0xCC, 0x14, 0xCC, 0x16, 0x4C, 0x32, 0x48, 0x33, 0x58, 0x33, 0x10,
    0x30, 0x30, 0x6F, 0xFE, 0x6F, 0xFE, 0x00, 0x00
    },
    {
    0x00, 0x80, 0x00, 0xC0, 0x1F, 0xFE, 0x3F, 0xFE, 0x33, 0xFC, 0x37, 0xFC,
    0x36, 0x60, 0x36, 0x60, 0x37, 0xFE, 0x36, 0x20, 0x36, 0xB0, 0x27, 0x90,
    0x66, 0x1E, 0x6F, 0xEE, 0x4F, 0xE4, 0x00, 0x00
    },
    {
    0x00, 0x00, 0x01, 0x80, 0x3F, 0xFC, 0x33, 0x7C, 0x33, 0x10, 0x3F, 0xFE,
    0x33, 0x30, 0x33, 0xF0, 0x30, 0x00, 0x37, 0xF8, 0x33, 0x30, 0x31, 0xB0,
    0x61, 0xE0, 0x6F, 0xFE, 0x6E, 0x1E, 0x00, 0x00
    },
    {
    0x00, 0x80, 0x01, 0xC0, 0x3F, 0xFE, 0x31, 0x00, 0x3F, 0xDE, 0x3F, 0xFE,
    0x37, 0xD6, 0x37, 0xD4, 0x37, 0xB4, 0x3F, 0xF6, 0x31, 0xB2, 0x2F, 0xB6,
    0x6F, 0xBE, 0x63, 0x30, 0x02, 0x30, 0x00, 0x00
    },
    {
    0x00, 0x00, 0x79, 0xFC, 0x7B, 0xF0, 0x18, 0x20, 0x11, 0x20, 0x31, 0x30,
    0x3D, 0x3C, 0x0D, 0x30, 0x0D, 0x20, 0x69, 0x20, 0x39, 0xFC, 0x18, 0xFC,
    0x3E, 0x00, 0x67, 0xFE, 0x60, 0xFE, 0x00, 0x00
    },
    {
    0x00, 0x40, 0x00, 0x40, 0x7B, 0xFC, 0x18, 0x4C, 0x13, 0xFE, 0x30, 0x4C,
    0x3B, 0xFC, 0x38, 0x40, 0x0B, 0xF8, 0x7B, 0xF8, 0x3B, 0xFC, 0x1B, 0xFC,
    0x3E, 0x40, 0x67, 0xFE, 0x00, 0xFC, 0x00, 0x00
    },
    {
    0x00, 0x00, 0x3F, 0xFC, 0x3F, 0xFC, 0x06, 0x20, 0x06, 0x30, 0x06, 0x20,
    0x06, 0x30, 0x7F, 0xFE, 0x06, 0x30, 0x04, 0x20, 0x0C, 0x20, 0x0C, 0x20,
    0x18, 0x20, 0x70, 0x30, 0x20, 0x20, 0x00, 0x00
    },
    {
    0x00, 0x00, 0x3F, 0xF8, 0x00, 0x08, 0x1F, 0xF8, 0x1F, 0xF8, 0x10, 0x06,
    0x1F, 0xFE, 0x0F, 0xF8, 0x04, 0x30, 0x04, 0x30, 0x7F, 0xFE, 0x04, 0x30,
    0x0C, 0x30, 0x38, 0x30, 0x30, 0x30, 0x00, 0x00
    },
    {
    0x01, 0x00, 0x01, 0x80, 0x3F, 0xFC, 0x3F, 0xFC, 0x06, 0x30, 0x0C, 0x38,
    0x1F, 0xFC, 0x00, 0x08, 0x04, 0x30, 0x04, 0x30, 0x7F, 0xFE, 0x04, 0x30,
    0x0C, 0x20, 0x18, 0x20, 0x30, 0x30, 0x00, 0x20
    },
    {
    0x00, 0x80, 0x00, 0xD0, 0x00, 0xD8, 0x7F, 0xFC, 0x7F, 0xFC, 0x00, 0xC0,
    0x00, 0xC0, 0x3E, 0x40, 0x3E, 0x40, 0x0C, 0x60, 0x0C, 0x60, 0x0D, 0x30,
    0x3F, 0x36, 0x78, 0x1E, 0x00, 0x0E, 0x00, 0x00
    },
    {
    0x00, 0x00, 0x3F, 0x8C, 0x3F, 0x8C, 0x01, 0x8C, 0x01, 0x8C, 0x3F, 0x8C,
    0x30, 0x0C, 0x30, 0x0C, 0x3F, 0x8C, 0x01, 0x8C, 0x01, 0x8C, 0x01, 0x0C,
    0x03, 0x0C, 0x0F, 0x0C, 0x0E, 0x0C, 0x00, 0x00
    },
    {
    0x00, 0x00, 0x79, 0x88, 0x7D, 0x98, 0x09, 0xB0, 0x0D, 0xB0, 0x79, 0xA0,
    0x63, 0xFC, 0x63, 0xFC, 0x79, 0xA0, 0x7D, 0xB0, 0x09, 0xB0, 0x09, 0x98,
    0x09, 0xCC, 0x39, 0xCE, 0x39, 0x80, 0x00, 0x00
    },
    {
    0x00, 0x20, 0x7C, 0x60, 0x7D, 0xFE, 0x0F, 0xFE, 0x0C, 0x60, 0x7C, 0xC0,
    0x60, 0x88, 0x61, 0x98, 0x7B, 0xF0, 0x7D, 0x70, 0x08, 0x68, 0x08, 0xCC,
    0x09, 0x8C, 0x3B, 0xFE, 0x33, 0x06, 0x00, 0x00
    },
    {
    0x00, 0x00, 0x3E, 0xFC, 0x3F, 0x7C, 0x03, 0x04, 0x3F, 0x7C, 0x30, 0x40,
    0x3E, 0x7C, 0x3F, 0x7E, 0x13, 0x26, 0x1B, 0x66, 0x07, 0x3E, 0x1F, 0x7E,
    0x33, 0xC6, 0x26, 0x1E, 0x04, 0x1C, 0x00, 0x00
    },
    {
    0x00, 0x00, 0x7D, 0xFC, 0x0D, 0x8C, 0x0D, 0x8C, 0x0D, 0xFC, 0x7C, 0x60,
    0x63, 0xFC, 0x63, 0x64, 0x7F, 0x64, 0x0F, 0xFC, 0x0F, 0x64, 0x08, 0x60,
    0x08, 0x6C, 0x7F, 0xFE, 0x33, 0x86, 0x00, 0x00
    },
    {
    0x04, 0x00, 0x06, 0x00, 0x07, 0xFE, 0x07, 0xFE, 0x26, 0x06, 0x26, 0x06,
    0x36, 0x06, 0x34, 0xFE, 0x34, 0x06, 0x14, 0x06, 0x04, 0x06, 0x0C, 0x06,
    0x0D, 0xFE, 0x38, 0x06, 0x30, 0x04, 0x00, 0x00
    },
    {
    0x00, 0x00, 0x01, 0x80, 0x11, 0x8C, 0x19, 0x9C, 0x0D, 0xB8, 0x01, 0x90,
    0x3F, 0xFC, 0x3F, 0xFC, 0x00, 0x0C, 0x00, 0x0C, 0x3F, 0xFC, 0x00, 0x0C,
    0x00, 0x0C, 0x3F, 0xFC, 0x00, 0x0C, 0x00, 0x0C
    },
    {
    0x00, 0x00, 0x1F, 0xF8, 0x00, 0x18, 0x1F, 0xF8, 0x1F, 0xF8, 0x00, 0x18,
    0x7F, 0xFE, 0x01, 0x88, 0x19, 0x9C, 0x19, 0xB0, 0x07, 0xE0, 0x1F, 0xB8,
    0x39, 0x8C, 0x23, 0x84, 0x03, 0x00, 0x00, 0x00
    },
    {
    0x00, 0x00, 0x00, 0x0C, 0x7F, 0x8C, 0x1B, 0x18, 0x1B, 0x30, 0x1B, 0x64,
    0x1B, 0x0E, 0x7F, 0xDC, 0x1B, 0x38, 0x13, 0x60, 0x13, 0x06, 0x33, 0x0C,
    0x33, 0x18, 0x63, 0x70, 0x63, 0x40, 0x00, 0x00
    },
    {
    0x00, 0x80, 0x1F, 0x8C, 0x3E, 0x0C, 0x24, 0x98, 0x25, 0xB0, 0x35, 0x24,
    0x04, 0x0C, 0x7F, 0x98, 0x7F, 0xF0, 0x0C, 0x60, 0x1F, 0x86, 0x34, 0x8C,
    0x64, 0x18, 0x6C, 0x70, 0x04, 0x40, 0x00, 0x00
    },
    {
    0x00, 0x08, 0x3F, 0x8C, 0x3F, 0x98, 0x31, 0xB0, 0x3F, 0xE0, 0x04, 0x06,
    0x7F, 0xCC, 0x00, 0x18, 0x3F, 0xB0, 0x31, 0xA6, 0x3F, 0x86, 0x35, 0x8C,
    0x64, 0x98, 0x4C, 0x70, 0x0C, 0x60, 0x00, 0x00
    },
    {
    0x00, 0x00, 0x08, 0x60, 0x18, 0x60, 0x33, 0xFE, 0x6B, 0xFE, 0x08, 0x60,
    0x18, 0x60, 0x30, 0x60, 0x73, 0xFC, 0x70, 0x60, 0x10, 0x60, 0x10, 0x60,
    0x10, 0x60, 0x13, 0xFE, 0x10, 0x00, 0x00, 0x00
    },
    {
    0x00, 0x00, 0x18, 0x04, 0x3B, 0xFC, 0x71, 0x88, 0x61, 0x98, 0x08, 0xF0,
    0x18, 0xF0, 0x33, 0x9C, 0x76, 0x2E, 0x70, 0x60, 0x13, 0xFC, 0x10, 0x60,
    0x10, 0x60, 0x37, 0xFE, 0x37, 0xFE, 0x00, 0x00
    },
    {
    0x00, 0x60, 0x0C, 0x60, 0x18, 0x60, 0x33, 0xFC, 0x60, 0x60, 0x0C, 0x60,
    0x1B, 0xFE, 0x30, 0x18, 0x70, 0x18, 0x77, 0xFF, 0x11, 0x18, 0x11, 0x98,
    0x11, 0x98, 0x10, 0x18, 0x10, 0x38, 0x00, 0x20
    },
    {
    0x00, 0x00, 0x0D, 0xFC, 0x19, 0xFC, 0x71, 0x8C, 0x25, 0xFC, 0x0D, 0x8C,
    0x19, 0x8C, 0x39, 0xFC, 0x79, 0xE4, 0x19, 0xAC, 0x19, 0xB8, 0x19, 0x98,
    0x19, 0xEE, 0x19, 0xC6, 0x19, 0x00, 0x00, 0x00
    },
    {
    0x00, 0x40, 0x18, 0x40, 0x13, 0xFC, 0x33, 0xFC, 0x60, 0x4C, 0x1F, 0xFE,
    0x10, 0x6C, 0x33, 0xFC, 0x70, 0x40, 0x73, 0xFC, 0x13, 0xFC, 0x17, 0xFE,
    0x17, 0xFE, 0x10, 0x40, 0x10, 0x60, 0x00, 0x40
    },
    {
    0x00, 0x00, 0x19, 0xFC, 0x1B, 0xFC, 0x31, 0xFC, 0x6D, 0xFC, 0x09, 0xFC,
    0x19, 0xF8, 0x33, 0xFE, 0x73, 0xFE, 0x5F, 0xFE, 0x1F, 0xFE, 0x11, 0x88,
    0x11, 0x88, 0x18, 0x98, 0x10, 0x38, 0x00, 0x10
    },
    {
    0x00, 0x04, 0x18, 0x3C, 0x13, 0xF0, 0x32, 0x30, 0x6B, 0xFE, 0x1A, 0x20,
    0x12, 0xFC, 0x32, 0xFC, 0x72, 0x84, 0x36, 0xFC, 0x16, 0x84, 0x16, 0xFC,
    0x16, 0x84, 0x34, 0xFC, 0x30, 0x84, 0x00, 0x00
    },
    {
    0x00, 0x00, 0x11, 0x18, 0x35, 0x50, 0x65, 0x50, 0x5F, 0xFE, 0x17, 0xF4,
    0x37, 0xE4, 0x77, 0xEC, 0x74, 0xBC, 0x35, 0x9C, 0x35, 0x98, 0x35, 0xD8,
    0x3D, 0xBC, 0x38, 0xE6, 0x30, 0xC2, 0x00, 0x00
    },
    {
    0x00, 0x00, 0x03, 0x00, 0x03, 0x80, 0x01, 0xC0, 0x00, 0xC0, 0x02, 0x00,
    0x36, 0x18, 0x36, 0x0C, 0x26, 0x0E, 0x66, 0x06, 0x66, 0x00, 0x46, 0x10,
    0x06, 0x18, 0x07, 0xF0, 0x01, 0xE0, 0x00, 0x00
    },
    {
    0x00, 0x00, 0x07, 0x00, 0x03, 0x98, 0x01, 0xB0, 0x00, 0x30, 0x06, 0x60,
    0x24, 0x68, 0x24, 0xCC, 0x64, 0x86, 0x67, 0x86, 0x47, 0x00, 0x0E, 0x18,
    0x3C, 0x18, 0x77, 0xF0, 0x03, 0xE0, 0x00, 0x00
    },
    {
    0x00, 0x00, 0x18, 0x00, 0x19, 0xFC, 0x19, 0xFC, 0x7E, 0x18, 0x7E, 0x30,
    0x5A, 0x60, 0x58, 0x40, 0x58, 0xC0, 0x18, 0x80, 0x19, 0x80, 0x19, 0x02,
    0x1B, 0x06, 0x19, 0xFE, 0x18, 0xF8, 0x00, 0x00
    },
    {
    0x01, 0x80, 0x01, 0x80, 0x01, 0x80, 0x7F, 0xFE, 0x01, 0x80, 0x01, 0x80,
    0x1F, 0xF8, 0x1F, 0xF8, 0x00, 0x00, 0x21, 0x88, 0x24, 0xCC, 0x64, 0x86,
    0x64, 0x16, 0x67, 0xF0, 0x07, 0xE0, 0x00, 0x00
    },
    {
    0x00, 0x00, 0x18, 0x60, 0x18, 0x60, 0x18, 0x60, 0x1D, 0xFC, 0x7E, 0x6C,
    0x7E, 0x4C, 0x58, 0x4C, 0x5B, 0xFE, 0x1B, 0xFE, 0x18, 0xE0, 0x18, 0xF0,
    0x19, 0x98, 0x1B, 0x8E, 0x1F, 0x06, 0x10, 0x00
    },
    {
    0x00, 0x00, 0x0C, 0x00, 0x1F, 0xF8, 0x1F, 0xFC, 0x32, 0x4C, 0x66, 0xC8,
    0x0C, 0x88, 0x19, 0x98, 0x33, 0x38, 0x06, 0x10, 0x21, 0x88, 0x2C, 0x8C,
    0x6C, 0x36, 0x6F, 0xF6, 0x67, 0xE0, 0x00, 0x00
    },
    {
    0x01, 0x00, 0x03, 0x80, 0x03, 0x00, 0x7F, 0xFC, 0x03, 0x40, 0x06, 0x60,
    0x0D, 0x30, 0x19, 0x9E, 0x70, 0x06, 0x20, 0x00, 0x05, 0x8C, 0x36, 0x8C,
    0x26, 0x36, 0x66, 0xF0, 0x07, 0xE0, 0x00, 0x00
    },
    {
    0x00, 0x00, 0x0C, 0x00, 0x0F, 0xFC, 0x1F, 0xFC, 0x34, 0x00, 0x67, 0xF8,
    0x04, 0x00, 0x07, 0xF8, 0x07, 0xF8, 0x04, 0x00, 0x25, 0x88, 0x34, 0xCC,
    0x24, 0x16, 0x67, 0xF6, 0x07, 0xE0, 0x00, 0x00
    },
    {
    0x00, 0x00, 0x18, 0x60, 0x18, 0x40, 0x1B, 0xFE, 0x58, 0xC0, 0x7C, 0xB0,
    0x5F, 0xB0, 0x5B, 0xFE, 0x5B, 0xB6, 0x1F, 0xB6, 0x1D, 0xB6, 0x19, 0xB6,
    0x19, 0xBE, 0x18, 0x30, 0x18, 0x30, 0x00, 0x20
    },
    {
    0x00, 0x00, 0x18, 0x30, 0x19, 0xB0, 0x19, 0xFE, 0x7D, 0xFE, 0x7F, 0x30,
    0x5B, 0x30, 0x58, 0x30, 0x19, 0xFE, 0x18, 0x30, 0x18, 0x30, 0x18, 0x30,
    0x18, 0x30, 0x1B, 0xFE, 0x18, 0x00, 0x00, 0x00
    },
    {
    0x00, 0x00, 0x08, 0x70, 0x0C, 0x40, 0x1F, 0xF0, 0x1F, 0xF8, 0x10, 0x18,
    0x10, 0x18, 0x1F, 0xF8, 0x1F, 0xF0, 0x01, 0x80, 0x2D, 0x8C, 0x6C, 0x8E,
    0x6C, 0x16, 0x6F, 0xF0, 0x07, 0xE0, 0x00, 0x00
    },
    {
    0x00, 0x00, 0x7F, 0xF8, 0x7C, 0xD8, 0x19, 0x98, 0x19, 0xD8, 0x1C, 0xF8,
    0x7D, 0x9A, 0x63, 0x1E, 0x01, 0x00, 0x01, 0x88, 0x24, 0xCC, 0x24, 0x0C,
    0x6C, 0x34, 0x27, 0xF0, 0x00, 0x00, 0x00, 0x00
    },
    {
    0x00, 0x00, 0x18, 0xC0, 0x18, 0xC0, 0x1B, 0xFE, 0x5C, 0x80, 0x7C, 0x80,
    0x5F, 0xB0, 0x59, 0xB6, 0x5B, 0xF4, 0x1B, 0xBC, 0x1E, 0xB0, 0x1C, 0x70,
    0x18, 0x58, 0x19, 0xCE, 0x1B, 0x06, 0x00, 0x00
    },
    {
    0x02, 0x00, 0x02, 0x00, 0x1F, 0xF8, 0x18, 0x18, 0x1F, 0xF8, 0x18, 0x18,
    0x1F, 0xF8, 0x1F, 0xF8, 0x1F, 0xF8, 0x1F, 0xF8, 0x00, 0x80, 0x2C, 0xCC,
    0x6C, 0x16, 0x6E, 0x72, 0x47, 0xE0, 0x00, 0x00
    },
    {
    0x00, 0x00, 0x18, 0x60, 0x18, 0x70, 0x18, 0xD0, 0x5C, 0x98, 0x5F, 0x8E,
    0x5B, 0xFE, 0xDA, 0x00, 0x58, 0x00, 0x19, 0xFC, 0x19, 0x8C, 0x19, 0x0C,
    0x19, 0x8C, 0x19, 0xFC, 0x19, 0x8C, 0x00, 0x00
    },
    {
    0x00, 0x00, 0x00, 0xF8, 0x3F, 0xF8, 0x09, 0x90, 0x0D, 0xB0, 0x7F, 0xFE,
    0x07, 0xE0, 0x0D, 0xB0, 0x79, 0x9E, 0x60, 0x04, 0x04, 0x88, 0x34, 0xCC,
    0x24, 0x36, 0x67, 0xF2, 0x07, 0xE0, 0x00, 0x00
    },
    {
    0x00, 0x00, 0x1F, 0xF8, 0x18, 0x18, 0x1F, 0xF8, 0x18, 0x18, 0x1F, 0xF8,
    0x18, 0x18, 0x7F, 0xFE, 0x06, 0x30, 0x1F, 0xF8, 0x1F, 0x88, 0x34, 0x8C,
    0x24, 0x36, 0x67, 0xF0, 0x01, 0x80, 0x00, 0x00
    },
    {
    0x00, 0x00, 0x10, 0x20, 0x1B, 0xFE, 0x13, 0xFE, 0x1D, 0xFC, 0x7F, 0xFC,
    0x73, 0xFE, 0x53, 0xFE, 0x51, 0xFC, 0x13, 0xFC, 0x11, 0xFC, 0x11, 0xFC,
    0x11, 0xFC, 0x13, 0x0C, 0x1B, 0x1C, 0x11, 0x08
    },
    {
    0x00, 0x00, 0x18, 0x00, 0x11, 0xFC, 0x11, 0x8C, 0x5D, 0xFC, 0x5F, 0x0C,
    0x51, 0xFC, 0x51, 0xFC, 0x51, 0xFC, 0x11, 0xFC, 0x11, 0x0C, 0x17, 0xFF,
    0x11, 0x98, 0x13, 0x8E, 0x12, 0x06, 0x00, 0x00
    },
    {
    0x00, 0x00, 0x18, 0x60, 0x13, 0xFE, 0x10, 0xC0, 0x5C, 0xFC, 0x55, 0xB0,
    0x53, 0xFE, 0x56, 0x00, 0x55, 0xFC, 0x11, 0x04, 0x11, 0xFC, 0x11, 0xFC,
    0x11, 0xFC, 0x11, 0x0C, 0x11, 0x0C, 0x00, 0x00
    },
    {
    0x08, 0x00, 0x08, 0xFC, 0x09, 0xFC, 0x7F, 0xFC, 0x19, 0xFC, 0x1D, 0x8C,
    0x3F, 0xFC, 0x69, 0x8C, 0x49, 0xFC, 0x08, 0xFC, 0x04, 0x88, 0x34, 0xCC,
    0x24, 0x06, 0x67, 0xF2, 0x03, 0xE0, 0x00, 0x00
    },
    {
    0x01, 0x00, 0x01, 0x80, 0x3F, 0xFC, 0x04, 0x60, 0x7F, 0xFC, 0x7F, 0xFC,
    0x0F, 0xF0, 0x1F, 0xF8, 0x1F, 0xF8, 0x18, 0x18, 0x1F, 0xF8, 0x05, 0x88,
    0x34, 0x9C, 0x6C, 0x36, 0x67, 0xE0, 0x00, 0x00
    },
    {
    0x00, 0x40, 0x00, 0x58, 0x3F, 0xFE, 0x3F, 0xFE, 0x37, 0x48, 0x37, 0x68,
    0x37, 0x78, 0x3F, 0xB0, 0x2F, 0xB2, 0x6F, 0x7E, 0x60, 0x4C, 0x2D, 0x8C,
    0x2C, 0x9E, 0x6C, 0x36, 0x47, 0xF0, 0x00, 0x00
    },
    {
    0x00, 0x00, 0x11, 0xF8, 0x13, 0xFC, 0x11, 0xFC, 0x1D, 0x7C, 0x77, 0xFC,
    0x53, 0xFE, 0x52, 0xD2, 0x53, 0xFE, 0x13, 0xFE, 0x13, 0xFC, 0x11, 0x98,
    0x10, 0xF0, 0x11, 0xFE, 0x13, 0x8E, 0x00, 0x00
    },
    {
    0x00, 0x00, 0x10, 0x90, 0x17, 0xFE, 0x10, 0x9C, 0x7D, 0xFC, 0x74, 0x60,
    0x53, 0xFE, 0x52, 0x64, 0x16, 0x64, 0x12, 0x6C, 0x12, 0x6C, 0x10, 0x60,
    0x13, 0xFC, 0x10, 0x60, 0x17, 0xFE, 0x00, 0x00
    },
    {
    0x00, 0x00, 0x00, 0xD0, 0x00, 0xD8, 0x7C, 0xC8, 0x04, 0xCE, 0x05, 0xFC,
    0x2F, 0xC8, 0x3C, 0x48, 0x1C, 0x58, 0x0C, 0x70, 0x1C, 0x30, 0x36, 0x70,
    0x72, 0xDA, 0x61, 0x9E, 0x01, 0x06, 0x00, 0x00
    },
    {
    0x00, 0xC0, 0x00, 0xD8, 0x00, 0xC8, 0x3F, 0xFC, 0x3F, 0xFC, 0x30, 0xC0,
    0x30, 0x4C, 0x3F, 0x58, 0x33, 0x78, 0x33, 0x70, 0x33, 0x30, 0x36, 0x70,
    0x2E, 0xFA, 0x61, 0x9E, 0x41, 0x06, 0x00, 0x00
    },
    {
    0x00, 0x40, 0x02, 0xC0, 0x3E, 0xD8, 0x3C, 0xCC, 0x08, 0xC0, 0x7F, 0xFC,
    0x7F, 0xFC, 0x08, 0x48, 0x0F, 0x4C, 0x7E, 0x58, 0x7C, 0x70, 0x0C, 0x60,
    0x0D, 0xF2, 0x3B, 0x9E, 0x18, 0x0E, 0x00, 0x00
    },
    {
    0x00, 0x00, 0x00, 0xD8, 0x00, 0xC8, 0x7F, 0xFC, 0x7F, 0xFC, 0x00, 0xC0,
    0x3F, 0xC8, 0x33, 0x58, 0x33, 0x58, 0x3F, 0x78, 0x32, 0x70, 0x03, 0x30,
    0x7F, 0x76, 0x70, 0xDE, 0x01, 0x8C, 0x00, 0x00
    },
    {
    0x00, 0x00, 0x7B, 0xB0, 0x3B, 0xB4, 0x2A, 0xB6, 0x2B, 0xB0, 0x7B, 0xBE,
    0x6E, 0xFC, 0x36, 0x34, 0x3F, 0xB4, 0x7F, 0xBC, 0x7F, 0x98, 0x3F, 0x98,
    0x3F, 0xF8, 0x3F, 0xCE, 0x3F, 0x86, 0x00, 0x00
    },
    {
    0x00, 0x00, 0x00, 0xC0, 0x00, 0xC0, 0x0F, 0xFC, 0x0F, 0xFE, 0x08, 0x06,
    0x08, 0x06, 0x0C, 0x06, 0x0F, 0xFE, 0x08, 0x06, 0x08, 0x00, 0x18, 0x00,
    0x18, 0x00, 0x30, 0x00, 0x30, 0x00, 0x00, 0x00
    },
    {
    0x00, 0x00, 0x0E, 0x1E, 0x38, 0xFE, 0x20, 0xC0, 0x30, 0xC0, 0x3E, 0xC0,
    0x32, 0xFE, 0x22, 0xCC, 0x32, 0xCC, 0x3E, 0xCC, 0x20, 0x8C, 0x21, 0x8C,
    0x61, 0x8C, 0x63, 0x0C, 0x02, 0x0C, 0x00, 0x00
    },
    {
    0x00, 0x0C, 0x01, 0xFE, 0x1F, 0xF0, 0x13, 0xFE, 0x10, 0x06, 0x1F, 0xFE,
    0x10, 0x00, 0x17, 0xFE, 0x10, 0xC6, 0x16, 0xF6, 0x16, 0xDE, 0x33, 0xDE,
    0x2E, 0xF6, 0x61, 0xCE, 0x01, 0x8C, 0x00, 0x00
    },
    {
    0x00, 0x00, 0x00, 0x38, 0x3F, 0xFC, 0x3D, 0x80, 0x00, 0x80, 0x1F, 0xF8,
    0x1F, 0xF8, 0x01, 0x80, 0x41, 0x82, 0x7F, 0xFE, 0x01, 0x80, 0x01, 0x80,
    0x01, 0x80, 0x07, 0x80, 0x03, 0x80, 0x00, 0x00
    },
    {
    0x00, 0x00, 0x00, 0x60, 0x00, 0x60, 0x00, 0x60, 0x7F, 0xFE, 0x7F, 0xFE,
    0x00, 0xE0, 0x01, 0xE0, 0x03, 0x60, 0x07, 0x60, 0x0E, 0x60, 0x1C, 0x60,
    0x70, 0x60, 0x20, 0x60, 0x01, 0xE0, 0x00, 0x80
    },
    {
    0x18, 0x00, 0x18, 0x00, 0x19, 0xFE, 0x19, 0xFE, 0x7E, 0x18, 0x18, 0x18,
    0x18, 0x18, 0x1E, 0x18, 0x3E, 0x18, 0x78, 0x18, 0x18, 0x18, 0x18, 0x18,
    0x18, 0x18, 0x78, 0x78, 0x70, 0x70, 0x00, 0x00
    },
    {
    0x00, 0x00, 0x0C, 0x00, 0x08, 0x7C, 0x3E, 0xFE, 0x7F, 0xC6, 0x08, 0xC6,
    0x0C, 0xC6, 0x0E, 0xC6, 0x3E, 0xC6, 0x7C, 0xC6, 0x0C, 0xC6, 0x0C, 0xFE,
    0x0C, 0xC6, 0x3C, 0xC6, 0x38, 0x00, 0x00, 0x00
    },
    {
    0x00, 0x00, 0x18, 0xC0, 0x10, 0xC0, 0x10, 0xC0, 0x7D, 0xF8, 0x7D, 0xF8,
    0x10, 0xC8, 0x18, 0xC8, 0x3D, 0xC8, 0x78, 0xC8, 0x50, 0xE8, 0x11, 0xA8,
    0x11, 0x8B, 0x13, 0x0E, 0x76, 0x0E, 0x20, 0x00
    },
    {
    0x18, 0x00, 0x18, 0x30, 0x18, 0x30, 0x7D, 0xFE, 0x7D, 0x80, 0x19, 0x80,
    0x19, 0x80, 0x1D, 0x80, 0x7D, 0x80, 0x79, 0x80, 0x19, 0x80, 0x19, 0x00,
    0x1B, 0x00, 0x7B, 0x00, 0x76, 0x00, 0x00, 0x00
    },
    {
    0x00, 0x00, 0x08, 0x00, 0x08, 0xFE, 0x08, 0xFE, 0x7E, 0x06, 0x08, 0x06,
    0x08, 0x06, 0x0E, 0xFE, 0x1E, 0x06, 0x78, 0x06, 0x68, 0x06, 0x08, 0x06,
    0x09, 0xFE, 0x09, 0xFE, 0x38, 0x06, 0x10, 0x00
    },
    {
    0x00, 0x00, 0x18, 0xC0, 0x18, 0xD8, 0x18, 0xDC, 0x18, 0xC0, 0x7C, 0xDE,
    0x1B, 0xFC, 0x1B, 0xC8, 0x1C, 0x4C, 0x7C, 0x78, 0x78, 0x70, 0x18, 0x70,
    0x18, 0xF2, 0x1B, 0x9E, 0x3B, 0x0E, 0x20, 0x00
    },
    {
    0x00, 0x00, 0x18, 0x04, 0x11, 0xFC, 0x11, 0x2C, 0x7D, 0x2C, 0x11, 0x2C,
    0x11, 0x24, 0x1F, 0xFC, 0x7D, 0xFC, 0x71, 0x04, 0x11, 0x00, 0x11, 0x00,
    0x11, 0x06, 0x31, 0xFE, 0x71, 0xFC, 0x00, 0x00
    },
    {
    0x10, 0x00, 0x18, 0xF8, 0x10, 0xF8, 0x18, 0x98, 0x7C, 0x98, 0x19, 0x9E,
    0x11, 0x06, 0x19, 0xF8, 0x7D, 0xFC, 0x78, 0x88, 0x10, 0xD8, 0x10, 0x70,
    0x10, 0x70, 0x31, 0xFE, 0x77, 0x8E, 0x00, 0x00
    },
    {
    0x00, 0x08, 0x18, 0x18, 0x18, 0x98, 0x18, 0xD8, 0x7E, 0x58, 0x7E, 0x18,
    0x18, 0x98, 0x1E, 0xD8, 0x3C, 0xD8, 0x78, 0x1E, 0x59, 0xFC, 0x1B, 0x98,
    0x18, 0x18, 0x38, 0x18, 0x30, 0x18, 0x00, 0x08
    },
    {
    0x08, 0x00, 0x18, 0x3C, 0x18, 0xFC, 0x18, 0xC0, 0x7E, 0x80, 0x18, 0xFE,
    0x18, 0xFE, 0x1E, 0x98, 0x7C, 0x98, 0x78, 0x98, 0x19, 0x98, 0x19, 0x98,
    0x19, 0x98, 0x3B, 0x18, 0x33, 0x08, 0x00, 0x00
    },
    {
    0x00, 0x00, 0x18, 0x00, 0x19, 0xFC, 0x19, 0x8C, 0x7D, 0x8C, 0x7D, 0xB8,
    0x19, 0x90, 0x1F, 0xFC, 0x3F, 0xEC, 0x79, 0xAC, 0x59, 0xA8, 0x19, 0xB8,
    0x19, 0x98, 0x19, 0xFE, 0x39, 0xE6, 0x21, 0x80
    },
    {
    0x10, 0x00, 0x10, 0x60, 0x10, 0x40, 0x10, 0xC8, 0x7D, 0x8C, 0x13, 0xFE,
    0x13, 0xE6, 0x1C, 0x00, 0x79, 0xFC, 0x71, 0xFC, 0x11, 0x0C, 0x11, 0x0C,
    0x11, 0xFC, 0x31, 0xFC, 0x31, 0x04, 0x00, 0x00
    },
    {
    0x00, 0x00, 0x18, 0x60, 0x18, 0x20, 0x18, 0x20, 0x7F, 0xFE, 0x7C, 0x00,
    0x18, 0x08, 0x19, 0x88, 0x1E, 0x98, 0x78, 0xD8, 0x78, 0xD8, 0x18, 0xD0,
    0x18, 0x10, 0x1B, 0xFE, 0x3B, 0xFE, 0x20, 0x00
    },
    {
    0x00, 0x00, 0x18, 0x30, 0x18, 0x20, 0x18, 0xFE, 0x7F, 0xFE, 0x19, 0x86,
    0x19, 0x86, 0x1F, 0x86, 0x3D, 0xFE, 0x79, 0x86, 0x09, 0x86, 0x19, 0x86,
    0x19, 0xFE, 0x39, 0xFE, 0x39, 0x86, 0x00, 0x00
    },
    {
    0x00, 0x00, 0x18, 0x00, 0x1B, 0xFE, 0x19, 0x80, 0x7D, 0x80, 0x7D, 0xFC,
    0x19, 0xFC, 0x19, 0x84, 0x3D, 0x84, 0x79, 0xFC, 0x19, 0xFC, 0x19, 0x80,
    0x19, 0x80, 0x3B, 0xFE, 0x33, 0xFE, 0x00, 0x00
    },
    {
    0x00, 0x00, 0x10, 0x80, 0x11, 0x80, 0x11, 0xFE, 0x7F, 0x20, 0x12, 0x60,
    0x13, 0x3C, 0x19, 0xFC, 0x7F, 0xE4, 0x77, 0x2C, 0x11, 0x7C, 0x11, 0x60,
    0x11, 0x06, 0x71, 0xFE, 0x70, 0xFC, 0x00, 0x00
    },
    {
    0x00, 0x00, 0x10, 0x4C, 0x10, 0x4C, 0x11, 0x6C, 0x7D, 0x6C, 0x11, 0x2C,
    0x11, 0x0C, 0x1D, 0x0C, 0x79, 0x0C, 0x71, 0x68, 0x11, 0xD8, 0x13, 0x9C,
    0x13, 0x36, 0x30, 0xE6, 0x31, 0x80, 0x00, 0x00
    },
    {
    0x00, 0x20, 0x18, 0x30, 0x18, 0x00, 0x19, 0xFE, 0x7D, 0x06, 0x19, 0x06,
    0x18, 0x00, 0x1F, 0xFE, 0x7C, 0x30, 0x78, 0x30, 0x18, 0x30, 0x18, 0x30,
    0x18, 0x30, 0x38, 0x70, 0x30, 0x60, 0x00, 0x00
    },
    {
    0x00, 0x00, 0x10, 0x00, 0x13, 0xFC, 0x11, 0x88, 0x7C, 0x98, 0x10, 0xF0,
    0x10, 0x70, 0x1F, 0xDE, 0x7B, 0x20, 0x71, 0xFC, 0x11, 0xFC, 0x10, 0x60,
    0x13, 0xFE, 0x30, 0x60, 0x70, 0x60, 0x00, 0x20
    },
    {
    0x00, 0x00, 0x18, 0x8C, 0x18, 0xD8, 0x10, 0x10, 0x7F, 0xFE, 0x7C, 0xD8,
    0x10, 0xD8, 0x1C, 0xD8, 0x3F, 0xFE, 0x7B, 0xFE, 0x18, 0xD8, 0x18, 0x98,
    0x19, 0x98, 0x1B, 0x98, 0x37, 0x18, 0x00, 0x00
    },
    {
    0x00, 0x00, 0x03, 0x80, 0x06, 0x60, 0x0F, 0xF8, 0x7B, 0xCE, 0x6F, 0xF0,
    0x1F, 0xF0, 0x0F, 0xF0, 0x3F, 0xF8, 0x3F, 0xF8, 0x1F, 0xF8, 0x1F, 0xF8,
    0x7F, 0xFE, 0x01, 0x80, 0x03, 0x80, 0x00, 0x00
    },
    {
    0x10, 0x20, 0x18, 0x60, 0x18, 0x60, 0x19, 0xFC, 0x7C, 0x60, 0x7C, 0x60,
    0x1B, 0xFE, 0x1C, 0x18, 0x1C, 0x18, 0x7B, 0xFE, 0x59, 0x18, 0x19, 0x98,
    0x18, 0x98, 0x38, 0x18, 0x30, 0x38, 0x00, 0x10
    },
    {
    0x01, 0x00, 0x19, 0x8C, 0x19, 0xFC, 0x19, 0xE0, 0x7D, 0x82, 0x19, 0xFE,
    0x18, 0xFC, 0x1C, 0x00, 0x7D, 0xFC, 0x79, 0x04, 0x19, 0xFC, 0x19, 0xFC,
    0x19, 0x04, 0x39, 0xFC, 0x31, 0x04, 0x00, 0x00
    },
    {
    0x00, 0x00, 0x18, 0x60, 0x18, 0x20, 0x1B, 0xFE, 0x7F, 0x06, 0x1B, 0x66,
    0x10, 0x60, 0x1F, 0xFE, 0x3F, 0xFE, 0x78, 0x98, 0x59, 0xD8, 0x18, 0x70,
    0x18, 0x78, 0x33, 0xCE, 0x33, 0x06, 0x00, 0x00
    },
    {
    0x10, 0x00, 0x13, 0xFC, 0x13, 0xFC, 0x13, 0x00, 0x7F, 0xFC, 0x13, 0x00,
    0x13, 0x00, 0x1B, 0xFE, 0x7B, 0xF0, 0x73, 0xD4, 0x12, 0xDC, 0x12, 0xD8,
    0x16, 0xCC, 0x36, 0xEE, 0x74, 0xC6, 0x00, 0x00
    },
    {
    0x18, 0x00, 0x1B, 0xFE, 0x18, 0x40, 0x18, 0xC0, 0x7F, 0xFC, 0x18, 0xCC,
    0x18, 0xCC, 0x1F, 0xFF, 0x78, 0x00, 0x59, 0xFC, 0x19, 0x0C, 0x19, 0x0C,
    0x39, 0xFC, 0x31, 0x0C, 0x03, 0x00, 0x00, 0x00
    },
    {
    0x00, 0x00, 0x18, 0xFC, 0x19, 0xFC, 0x19, 0x8C, 0x7D, 0xFC, 0x18, 0x00,
    0x19, 0xFE, 0x1D, 0x06, 0x39, 0x26, 0x7B, 0x26, 0x1B, 0x26, 0x18, 0x60,
    0x18, 0x78, 0x19, 0xDC, 0x33, 0x06, 0x00, 0x00
    },
    {
    0x00, 0x00, 0x10, 0xC0, 0x10, 0xF8, 0x11, 0x98, 0x79, 0x30, 0x7B, 0xFC,
    0x13, 0x64, 0x13, 0x64, 0x1B, 0x64, 0x77, 0xFE, 0x73, 0xFE, 0x10, 0x70,
    0x10, 0xD8, 0x13, 0x8E, 0x77, 0x06, 0x20, 0x00
    },
    {
    0x00, 0x00, 0x19, 0xFC, 0x13, 0xFC, 0x13, 0x04, 0x7B, 0xFC, 0x7B, 0xFC,
    0x13, 0x30, 0x1F, 0xFE, 0x3F, 0x30, 0x73, 0x30, 0x12, 0xFC, 0x12, 0xC4,
    0x16, 0xC4, 0x7C, 0xFC, 0x34, 0xC4, 0x00, 0x00
    },
    {
    0x10, 0x60, 0x10, 0x60, 0x10, 0x7E, 0x30, 0x60, 0x7F, 0xFC, 0x13, 0x04,
    0x13, 0xFC, 0x1F, 0xFC, 0x7B, 0x04, 0x73, 0xFC, 0x10, 0x60, 0x13, 0xFE,
    0x13, 0xFE, 0x30, 0x60, 0x70, 0x60, 0x00, 0x20
    },
    {
    0x18, 0x80, 0x19, 0x80, 0x19, 0xFE, 0x7F, 0x06, 0x3B, 0x86, 0x1B, 0xFE,
    0x1D, 0x46, 0x7F, 0xFE, 0x78, 0x46, 0x1B, 0x5E, 0x1B, 0x5E, 0x1B, 0xFE,
    0x38, 0x06, 0x30, 0x1E, 0x00, 0x0C, 0x00, 0x00
    },
    {
    0x00, 0x00, 0x18, 0x90, 0x10, 0x90, 0x13, 0x9E, 0x7D, 0x9E, 0x18, 0x90,
    0x10, 0x90, 0x1F, 0x9E, 0x78, 0x90, 0x50, 0x90, 0x11, 0x90, 0x13, 0x9E,
    0x11, 0x90, 0x31, 0x90, 0x03, 0x10, 0x00, 0x00
    },
    {
    0x00, 0x00, 0x10, 0x00, 0x13, 0xFE, 0x12, 0x06, 0x7E, 0xD6, 0x7D, 0x90,
    0x13, 0x9E, 0x1C, 0x60, 0x3F, 0xFE, 0x73, 0xFE, 0x50, 0xF0, 0x11, 0xF8,
    0x13, 0x6C, 0x36, 0x66, 0x70, 0x60, 0x20, 0x60
    },
    {
    0x00, 0x00, 0x18, 0x20, 0x13, 0xFE, 0x1B, 0xFE, 0x7C, 0x98, 0x18, 0x98,
    0x13, 0xFE, 0x1F, 0xFE, 0x38, 0x40, 0x73, 0xFE, 0x10, 0x98, 0x11, 0x90,
    0x10, 0x70, 0x31, 0xFC, 0x33, 0x84, 0x00, 0x00
    },
    {
    0x00, 0x00, 0x18, 0x60, 0x13, 0xFE, 0x7F, 0xFE, 0x7E, 0x52, 0x12, 0xD0,
    0x19, 0x9E, 0x1D, 0x0C, 0x78, 0x00, 0x73, 0xFC, 0x10, 0x60, 0x10, 0x20,
    0x10, 0x60, 0x37, 0xFE, 0x30, 0x00, 0x00, 0x00
    },
    {
    0x00, 0x00, 0x11, 0xB0, 0x11, 0x90, 0x11, 0xFE, 0x7F, 0xFE, 0x13, 0x30,
    0x17, 0xFC, 0x19, 0xFC, 0x7D, 0x30, 0x71, 0xFC, 0x11, 0xFC, 0x11, 0x30,
    0x11, 0xFE, 0x71, 0xFE, 0x31, 0x00, 0x00, 0x00
    },
    {
    0x10, 0x98, 0x10, 0x98, 0x10, 0x98, 0x13, 0xFE, 0x7C, 0x98, 0x10, 0x90,
    0x13, 0xFC, 0x1B, 0xFC, 0x7B, 0x24, 0x73, 0x64, 0x13, 0xFC, 0x13, 0x64,
    0x13, 0x64, 0x73, 0xFC, 0x73, 0x04, 0x00, 0x00
    },
    {
    0x00, 0x00, 0x11, 0xFC, 0x11, 0xFC, 0x11, 0xFC, 0x7D, 0xFC, 0x11, 0xFC,
    0x11, 0xFC, 0x1F, 0xFE, 0x3F, 0xFE, 0x70, 0x20, 0x51, 0x3C, 0x13, 0x3C,
    0x13, 0xE0, 0x36, 0xFE, 0x74, 0x3E, 0x00, 0x00
    },
    {
    0x00, 0x00, 0x33, 0xFC, 0x13, 0xFE, 0x33, 0xFE, 0x7F, 0xFC, 0x32, 0x00,
    0x13, 0xFE, 0x1E, 0x6C, 0x7A, 0xFC, 0x76, 0xFE, 0x16, 0x30, 0x16, 0xFC,
    0x34, 0x30, 0x7D, 0xFE, 0x28, 0x00, 0x00, 0x00
    },
    {
    0x10, 0x00, 0x19, 0xFC, 0x19, 0x8C, 0x19, 0xFC, 0x7D, 0x04, 0x19, 0xFC,
    0x19, 0xFC, 0x1C, 0xFE, 0x7B, 0xFE, 0x77, 0x36, 0x1B, 0x7E, 0x19, 0x4E,
    0x19, 0xE6, 0x31, 0xFE, 0x20, 0x0C, 0x00, 0x00
    },
    {
    0x00, 0x00, 0x13, 0xFC, 0x13, 0xFE, 0x12, 0x56, 0x7F, 0x56, 0x13, 0xFE,
    0x10, 0x60, 0x1D, 0xFC, 0x7D, 0xFC, 0x73, 0xFE, 0x13, 0xFE, 0x10, 0x60,
    0x10, 0xC8, 0x11, 0xFC, 0x73, 0xF6, 0x00, 0x00
    },
    {
    0x00, 0x00, 0x13, 0xFC, 0x13, 0xF0, 0x10, 0x64, 0x7F, 0x6C, 0x11, 0x28,
    0x11, 0x80, 0x1F, 0xFC, 0x72, 0x60, 0x77, 0xFE, 0x17, 0xFE, 0x13, 0x64,
    0x13, 0x64, 0x33, 0xFC, 0x73, 0xFC, 0x00, 0x00
    },
    {
    0x00, 0x00, 0x30, 0x28, 0x37, 0x6C, 0x37, 0x7E, 0x79, 0x7E, 0x35, 0x68,
    0x37, 0xFC, 0x3B, 0xFC, 0x73, 0x68, 0x33, 0x7E, 0x37, 0x7E, 0x35, 0xE8,
    0x3C, 0x7E, 0x70, 0x7E, 0x20, 0x60, 0x00, 0x00
    },
    {
    0x00, 0x00, 0x10, 0x60, 0x13, 0xFE, 0x13, 0xFE, 0x7E, 0x56, 0x12, 0xFC,
    0x11, 0xE8, 0x1A, 0x74, 0x72, 0xF6, 0x76, 0xF8, 0x10, 0x60, 0x17, 0xFE,
    0x17, 0xFE, 0x30, 0x60, 0x30, 0x60, 0x00, 0x60
    },
    {
    0x00, 0x80, 0x00, 0xC0, 0x3F, 0xFE, 0x32, 0x10, 0x3F, 0xFE, 0x37, 0xFC,
    0x3F, 0xDE, 0x32, 0x56, 0x37, 0xFC, 0x37, 0xFC, 0x37, 0xFC, 0x27, 0xFC,
    0x2F, 0xFE, 0x60, 0xC0, 0x01, 0xC0, 0x00, 0x80
    },
    {
    0x10, 0x90, 0x18, 0xD8, 0x13, 0xFE, 0x18, 0xD8, 0x7F, 0xFC, 0x1B, 0x0C,
    0x1B, 0xFC, 0x1F, 0x0C, 0x7B, 0xFC, 0x70, 0x60, 0x17, 0xFE, 0x10, 0xF0,
    0x10, 0xD8, 0x37, 0x8E, 0x26, 0x04, 0x00, 0x00
    },
    {
    0x00, 0x20, 0x19, 0xAC, 0x11, 0xA8, 0x13, 0xFE, 0x7E, 0x02, 0x11, 0xFC,
    0x1D, 0xFC, 0x38, 0x00, 0x73, 0xFC, 0x13, 0xFC, 0x10, 0x20, 0x17, 0xFE,
    0x10, 0x20, 0x70, 0xE0, 0x00, 0xE0, 0x00, 0x00
    },
    {
    0x00, 0x00, 0x36, 0xC4, 0x36, 0xDE, 0x37, 0xF0, 0x7E, 0xF0, 0x37, 0xFE,
    0x3E, 0xF4, 0x7F, 0xF4, 0x76, 0xF4, 0x36, 0xF4, 0x3F, 0xF4, 0x36, 0xE4,
    0x7C, 0x64, 0x60, 0x44, 0x00, 0x00, 0x00, 0x00
    },
    {
    0x00, 0x00, 0x10, 0x60, 0x13, 0xFE, 0x10, 0x90, 0x7F, 0xFE, 0x13, 0xFE,
    0x13, 0xFC, 0x1F, 0x64, 0x7B, 0xFC, 0x73, 0x64, 0x13, 0xFC, 0x13, 0xFC,
    0x13, 0xFC, 0x37, 0xFE, 0x37, 0xFE, 0x00, 0x00
    },
    {
    0x00, 0x00, 0x30, 0x3C, 0x33, 0xF0, 0x31, 0x68, 0x79, 0x78, 0x7F, 0xFE,
    0x31, 0xF0, 0x39, 0x6C, 0x7F, 0xFE, 0x77, 0xFC, 0x32, 0x6C, 0x33, 0xFC,
    0x32, 0x6C, 0x73, 0xFC, 0x63, 0xFC, 0x00, 0x00
    },
    {
    0x00, 0x00, 0x11, 0xF8, 0x11, 0x08, 0x11, 0xF8, 0x7D, 0xF8, 0x13, 0x9C,
    0x13, 0xFE, 0x12, 0xF6, 0x7F, 0x9E, 0x70, 0x40, 0x17, 0xFE, 0x11, 0xF0,
    0x11, 0x78, 0x37, 0x6E, 0x76, 0x66, 0x00, 0x40
    },
    {
    0x00, 0x00, 0x10, 0x60, 0x13, 0xFE, 0x16, 0x02, 0x7D, 0x9C, 0x13, 0xFC,
    0x1E, 0x5C, 0x38, 0x8C, 0x73, 0xFE, 0x73, 0x76, 0x17, 0xFC, 0x11, 0xFC,
    0x11, 0x28, 0x33, 0x2E, 0x76, 0x60, 0x00, 0x00
    },
    {
    0x00, 0x40, 0x00, 0x60, 0x7E, 0xC0, 0x06, 0xFE, 0x06, 0xFE, 0x07, 0x98,
    0x7F, 0x98, 0x7C, 0x98, 0x60, 0xD8, 0x60, 0x70, 0x64, 0x70, 0x7C, 0x70,
    0x78, 0xFC, 0x67, 0x8E, 0x07, 0x04, 0x00, 0x00
    },
    {
    0x00, 0x00, 0x0C, 0x60, 0x08, 0x60, 0x7F, 0x7E, 0x7F, 0xFE, 0x11, 0x88,
    0x19, 0x88, 0x1E, 0x48, 0x12, 0x48, 0x32, 0x58, 0x32, 0x78, 0x32, 0x30,
    0x66, 0x78, 0x6E, 0xEE, 0x4C, 0x86, 0x00, 0x00
    },
    {
    0x18, 0x00, 0x18, 0x60, 0x18, 0x40, 0x7E, 0xFE, 0x7E, 0xFE, 0x18, 0x88,
    0x19, 0x88, 0x3D, 0xD8, 0x7E, 0xD8, 0x66, 0x58, 0x66, 0x70, 0x66, 0x30,
    0x7E, 0x78, 0x67, 0xDE, 0x43, 0x86, 0x00, 0x00
    },
    {
    0x00, 0x00, 0x0C, 0x30, 0x0C, 0x20, 0x7F, 0x7E, 0x00, 0x7E, 0x16, 0xCC,
    0x33, 0x8C, 0x61, 0x48, 0x76, 0x68, 0x1E, 0x78, 0x0C, 0x38, 0x0E, 0x30,
    0x1B, 0x78, 0x70, 0xEE, 0x61, 0x86, 0x00, 0x00
    },
    {
    0x02, 0x20, 0x16, 0x30, 0x16, 0x20, 0x7F, 0x7E, 0x16, 0x7E, 0x7F, 0xCC,
    0x7F, 0xCC, 0x3E, 0xEC, 0x3F, 0x68, 0x3F, 0x28, 0x3F, 0x38, 0x3F, 0x18,
    0x3F, 0x38, 0x23, 0x6E, 0x26, 0xC6, 0x00, 0x00
    },
    {
    0x00, 0x00, 0x0D, 0x30, 0x3D, 0x30, 0x2C, 0x3E, 0x7F, 0xFE, 0x1F, 0x64,
    0x3D, 0xCC, 0x6C, 0xEC, 0x0C, 0x2C, 0x7F, 0xB8, 0x1B, 0x38, 0x1F, 0x18,
    0x0F, 0x3C, 0x7D, 0xEE, 0x31, 0x80, 0x00, 0x00
    },
    {
    0x00, 0x30, 0x0C, 0x30, 0x7F, 0xB0, 0x7F, 0xBE, 0x3E, 0x30, 0x3F, 0x30,
    0x3F, 0xFC, 0x00, 0x4C, 0x7F, 0xCC, 0x7D, 0x6C, 0x7F, 0x28, 0x77, 0xB8,
    0x7D, 0xB8, 0x63, 0x7E, 0x63, 0xC6, 0x00, 0x00
    },
    {
    0x00, 0x00, 0x0C, 0x30, 0x7F, 0x20, 0x3F, 0x7E, 0x3F, 0x4C, 0x3F, 0xE8,
    0x3F, 0xB8, 0x3F, 0x38, 0x2F, 0x6E, 0x7F, 0xFC, 0x1F, 0xF8, 0x09, 0xF8,
    0x09, 0xF8, 0x09, 0x80, 0x7F, 0xFE, 0x00, 0x00
    },
    {
    0x00, 0x00, 0x01, 0x80, 0x01, 0x80, 0x7F, 0xFE, 0x7F, 0xFE, 0x08, 0x20,
    0x0C, 0x60, 0x0C, 0x60, 0x06, 0x60, 0x06, 0xC0, 0x03, 0x80, 0x03, 0x80,
    0x0F, 0xF0, 0x7C, 0x7E, 0x30, 0x0C, 0x00, 0x00
    },
    {
    0x08, 0x0C, 0x0A, 0x48, 0x6B, 0x68, 0x2A, 0x68, 0x0A, 0x08, 0x7F, 0x48,
    0x18, 0x48, 0x18, 0x68, 0x3E, 0x0E, 0x3B, 0x7E, 0x69, 0xF8, 0x68, 0x08,
    0x48, 0x08, 0x08, 0x0C, 0x08, 0x0C, 0x00, 0x00
    },
    {
    0x00, 0x00, 0x00, 0x38, 0x1F, 0xF8, 0x1E, 0x00, 0x10, 0x00, 0x1F, 0xFE,
    0x1F, 0xFE, 0x10, 0x40, 0x13, 0x40, 0x33, 0xE0, 0x30, 0x78, 0x30, 0x7C,
    0x30, 0x44, 0x60, 0x40, 0x00, 0x40, 0x00, 0x00
    },
    {
    0x00, 0x00, 0x04, 0x1C, 0x75, 0xFC, 0x7D, 0xC0, 0x7F, 0x40, 0x64, 0x40,
    0x7F, 0xFE, 0x6C, 0x48, 0x4F, 0x48, 0x7D, 0xC8, 0x74, 0xC8, 0x64, 0xC8,
    0x64, 0xC8, 0x7F, 0x88, 0x00, 0x08, 0x00, 0x00
    },
    {
    0x00, 0x00, 0x0C, 0x0E, 0x3F, 0x7E, 0x3F, 0x60, 0x13, 0x60, 0x1E, 0x60,
    0x7F, 0xFE, 0x0C, 0x6C, 0x7F, 0x6C, 0x7F, 0x6C, 0x1C, 0x6C, 0x3F, 0x4C,
    0x2D, 0xCC, 0x6C, 0xCC, 0x0D, 0x8C, 0x00, 0x08
    },
    {
    0x00, 0x00, 0x01, 0x80, 0x01, 0x80, 0x7F, 0xFE, 0x7F, 0xFE, 0x02, 0x00,
    0x03, 0xF8, 0x07, 0xF8, 0x06, 0x18, 0x06, 0x18, 0x06, 0x18, 0x0C, 0x18,
    0x18, 0x10, 0x38, 0x70, 0x30, 0x60, 0x00, 0x00
    },
    {
    0x00, 0x00, 0x18, 0x40, 0x08, 0xFE, 0x7E, 0xFE, 0x7F, 0x80, 0x33, 0xFE,
    0x30, 0x36, 0x3C, 0x34, 0x34, 0xB0, 0x34, 0xBC, 0x35, 0xB0, 0x25, 0xB0,
    0x6D, 0xF0, 0x7F, 0x7E, 0x42, 0x3E, 0x00, 0x00
    },
    {
    0x00, 0x00, 0x1F, 0xF8, 0x03, 0x00, 0x03, 0x00, 0x03, 0x00, 0x3F, 0xFC,
    0x3F, 0xFC, 0x03, 0x40, 0x02, 0xC0, 0x06, 0xC0, 0x0C, 0xC0, 0x0C, 0xC6,
    0x38, 0xFE, 0x70, 0x7C, 0x00, 0x00, 0x00, 0x00
    },
    {
    0x00, 0x00, 0x7E, 0xFE, 0x66, 0x30, 0x66, 0x90, 0x7E, 0xB0, 0x66, 0xB0,
    0x67, 0xFE, 0x7F, 0xA0, 0x60, 0x70, 0x64, 0x70, 0x6E, 0xD0, 0x7B, 0x92,
    0x73, 0x92, 0x47, 0x1E, 0x00, 0x00, 0x00, 0x00
    },
    {
    0x00, 0x00, 0x1F, 0xF8, 0x1F, 0xF8, 0x18, 0x18, 0x18, 0x18, 0x18, 0x18,
    0x1F, 0xF8, 0x1F, 0xF8, 0x18, 0x18, 0x18, 0x18, 0x18, 0x18, 0x1F, 0xF8,
    0x1F, 0xF8, 0x18, 0x18, 0x00, 0x00, 0x00, 0x00
    },
    {
    0x00, 0x00, 0x37, 0xFC, 0x36, 0x0C, 0x36, 0x0C, 0x36, 0x0C, 0x36, 0x0C,
    0x37, 0xFC, 0x36, 0x0C, 0x36, 0x0C, 0x36, 0x0C, 0x36, 0x0C, 0x37, 0xFC,
    0x37, 0xFC, 0x36, 0x04, 0x00, 0x00, 0x00, 0x00
    },
    {
    0x00, 0x00, 0x1F, 0xF8, 0x18, 0x08, 0x18, 0x08, 0x1F, 0xF8, 0x18, 0x08,
    0x18, 0x08, 0x1F, 0xF8, 0x01, 0x80, 0x01, 0x80, 0x7F, 0xFE, 0x01, 0x80,
    0x01, 0x80, 0x01, 0x80, 0x01, 0x80, 0x00, 0x00
    },
    {
    0x00, 0x00, 0x00, 0x18, 0x7C, 0x18, 0x7C, 0x18, 0x64, 0x18, 0x67, 0xFE,
    0x66, 0x18, 0x7C, 0x98, 0x64, 0x98, 0x64, 0xD8, 0x64, 0x58, 0x7C, 0x18,
    0x7C, 0x08, 0x64, 0x18, 0x40, 0x38, 0x00, 0x30
    },
    {
    0x00, 0x00, 0x3C, 0xFC, 0x3E, 0xFC, 0x26, 0xC4, 0x26, 0xC4, 0x3E, 0xFC,
    0x3E, 0xC4, 0x26, 0xC4, 0x26, 0xFC, 0x3E, 0xFC, 0x3E, 0x84, 0x25, 0x84,
    0x23, 0x84, 0x03, 0x1C, 0x00, 0x18, 0x00, 0x00
    },
    {
    0x00, 0x20, 0x00, 0x60, 0x78, 0x60, 0x7D, 0xFC, 0x4D, 0x6C, 0x4D, 0x6C,
    0x7D, 0x6C, 0x79, 0x6C, 0x4F, 0xFE, 0x4F, 0xFE, 0x6C, 0x70, 0x7C, 0xD0,
    0x6D, 0x9C, 0x47, 0x0E, 0x06, 0x04, 0x00, 0x00
    },
    {
    0x00, 0x00, 0x0F, 0xF8, 0x1F, 0xF8, 0x1F, 0xF8, 0x1F, 0xF8, 0x1F, 0xF8,
    0x0F, 0xF0, 0x7F, 0xFE, 0x7F, 0xFE, 0x09, 0x80, 0x19, 0xF8, 0x19, 0x80,
    0x3D, 0x80, 0x77, 0xFE, 0x60, 0xFE, 0x00, 0x00
    },
    {
    0x00, 0x00, 0x1F, 0xF8, 0x1F, 0xFC, 0x18, 0x0C, 0x1F, 0xFC, 0x18, 0x0C,
    0x1F, 0xFC, 0x1F, 0xF8, 0x02, 0x60, 0x32, 0x6C, 0x1A, 0x6C, 0x1A, 0x78,
    0x02, 0x60, 0x7F, 0xFE, 0x7F, 0xFE, 0x00, 0x00
    },
    {
    0x00, 0x00, 0x1F, 0xF8, 0x10, 0x08, 0x1F, 0xF8, 0x10, 0x08, 0x1F, 0xF8,
    0x1F, 0xF8, 0x09, 0x90, 0x0D, 0xB0, 0x7F, 0xFE, 0x06, 0x40, 0x06, 0x40,
    0x0C, 0x46, 0x38, 0x7C, 0x20, 0x38, 0x00, 0x00
    },
    {
    0x00, 0x00, 0x00, 0xC0, 0x7D, 0xF8, 0x6F, 0x10, 0x6E, 0x30, 0x6F, 0xFC,
    0x7F, 0x6C, 0x7F, 0x64, 0x6F, 0xFC, 0x6D, 0xFC, 0x6C, 0xE0, 0x7C, 0xF0,
    0x6D, 0xA2, 0x6F, 0x3E, 0x06, 0x1C, 0x00, 0x00
    },
    {
    0x00, 0x00, 0x1F, 0xF8, 0x1B, 0xF8, 0x1B, 0xF8, 0x1F, 0xF8, 0x1F, 0xF8,
    0x3F, 0xFE, 0x37, 0xF8, 0x37, 0xF8, 0x3F, 0xA6, 0x36, 0x98, 0x24, 0xF8,
    0x27, 0x70, 0x67, 0x1E, 0x4C, 0x00, 0x00, 0x00
    },
    {
    0x00, 0x00, 0x1F, 0xF8, 0x1F, 0xF8, 0x1F, 0xF8, 0x1F, 0xF8, 0x1F, 0xF8,
    0x7F, 0xFE, 0x7F, 0xFE, 0x1F, 0xF8, 0x18, 0x18, 0x1F, 0xF8, 0x05, 0xB0,
    0x0D, 0xBC, 0x39, 0x8C, 0x23, 0x80, 0x00, 0x00
    },
    {
    0x00, 0x00, 0x01, 0x00, 0x79, 0x3E, 0x79, 0x38, 0x49, 0x20, 0x4F, 0xE0,
    0x4B, 0x3E, 0x7B, 0x2C, 0x4B, 0xAC, 0x4F, 0xEC, 0x4F, 0x2C, 0x4D, 0x2C,
    0x79, 0x6C, 0x49, 0x6C, 0x43, 0xCC, 0x01, 0x00
    },
    {
    0x00, 0x00, 0x18, 0x00, 0x3F, 0xBE, 0x26, 0x26, 0x7F, 0xE6, 0x7F, 0xE6,
    0x0E, 0x7E, 0x19, 0xBC, 0x30, 0x00, 0x0F, 0xF8, 0x08, 0x18, 0x0F, 0xF8,
    0x08, 0x18, 0x0F, 0xF8, 0x08, 0x18, 0x00, 0x00
    },
    {
    0x00, 0x00, 0x18, 0x3C, 0x7F, 0x70, 0x34, 0x40, 0x3F, 0x7E, 0x3F, 0x48,
    0x0E, 0x48, 0x7F, 0xC8, 0x04, 0x08, 0x1F, 0xF0, 0x1F, 0xF8, 0x1F, 0xF8,
    0x18, 0x18, 0x1F, 0xF8, 0x18, 0x18, 0x10, 0x00
    },
    {
    0x00, 0x00, 0x00, 0x60, 0x7F, 0xFC, 0x6D, 0xFC, 0x4C, 0x98, 0x4C, 0x90,
    0x7F, 0xFE, 0x7C, 0x02, 0x4D, 0xFC, 0x4D, 0xFC, 0x7D, 0xFC, 0x7D, 0xFC,
    0x49, 0x0C, 0x41, 0xFC, 0x01, 0x0C, 0x00, 0x00
    },
    {
    0x00, 0x00, 0x7F, 0xFE, 0x01, 0x80, 0x1F, 0xF8, 0x3F, 0xFC, 0x11, 0x8C,
    0x1F, 0xFC, 0x11, 0x8C, 0x3F, 0xFC, 0x09, 0x80, 0x0D, 0x80, 0x07, 0x00,
    0x0F, 0xE0, 0x7C, 0x7E, 0x20, 0x00, 0x00, 0x00
    },
    {
    0x00, 0x20, 0x06, 0x60, 0x3F, 0xFC, 0x3F, 0xFC, 0x21, 0xA4, 0x2D, 0xA4,
    0x21, 0xA4, 0x3F, 0xFC, 0x00, 0x00, 0x1F, 0xF8, 0x18, 0x18, 0x1F, 0xF8,
    0x18, 0x18, 0x1F, 0xF8, 0x1F, 0xF8, 0x00, 0x00
    },
    {
    0x08, 0x10, 0x0C, 0x30, 0x7E, 0x7C, 0x08, 0x30, 0x7E, 0xFE, 0x7E, 0x7E,
    0x1C, 0x68, 0x32, 0xC6, 0x7F, 0xFA, 0x1F, 0xF8, 0x18, 0x18, 0x1F, 0xF8,
    0x18, 0x18, 0x1F, 0xF8, 0x18, 0x18, 0x18, 0x00
    },
    {
    0x00, 0x00, 0x1F, 0xF8, 0x1F, 0xF8, 0x1F, 0xF8, 0x1F, 0xF8, 0x1F, 0xF8,
    0x7F, 0xFE, 0x33, 0x00, 0x1F, 0xFC, 0x33, 0x4C, 0x1F, 0x68, 0x13, 0x78,
    0x3F, 0x30, 0x33, 0x7E, 0x01, 0xC6, 0x00, 0x00
    },
    {
    0x01, 0x00, 0x03, 0x00, 0x7F, 0xFE, 0x7F, 0xFE, 0x04, 0x00, 0x0F, 0xF8,
    0x1F, 0xF8, 0x1C, 0x18, 0x3F, 0xF8, 0x6C, 0x18, 0x0F, 0xF8, 0x0F, 0xF8,
    0x0C, 0x18, 0x0C, 0x38, 0x0C, 0x30, 0x00, 0x00
    },
    {
    0x00, 0x00, 0x3E, 0xFC, 0x36, 0x8C, 0x26, 0x8C, 0x3E, 0x98, 0x3E, 0x90,
    0x26, 0xFC, 0x26, 0xFC, 0x3E, 0xEC, 0x3E, 0xA8, 0x26, 0xB8, 0x66, 0x98,
    0x66, 0xBE, 0x6E, 0xE6, 0x00, 0x80, 0x00, 0x00
    },
    {
    0x00, 0x00, 0x08, 0x7C, 0x0C, 0xFC, 0x7F, 0xFC, 0x30, 0xFC, 0x30, 0xFC,
    0x3E, 0xFC, 0x1F, 0x8C, 0x01, 0x18, 0x3F, 0xFC, 0x01, 0x80, 0x1F, 0xF8,
    0x1F, 0xF8, 0x01, 0x80, 0x7F, 0xFE, 0x00, 0x00
    },
    {
    0x00, 0x00, 0x0C, 0x3E, 0x7F, 0xBE, 0x7F, 0xA6, 0x0C, 0x26, 0x3F, 0x3E,
    0x31, 0x3E, 0x3F, 0x26, 0x31, 0x26, 0x3F, 0x3E, 0x0C, 0x66, 0x7F, 0x66,
    0x7F, 0xE6, 0x0C, 0xC6, 0x0C, 0x8E, 0x00, 0x00
    },
    {
    0x00, 0x00, 0x13, 0x3C, 0x13, 0x7E, 0x3F, 0xE6, 0x11, 0x66, 0x1F, 0x7E,
    0x1F, 0x7E, 0x1F, 0x66, 0x1F, 0x66, 0x13, 0x7E, 0x7F, 0xE6, 0x1A, 0x66,
    0x1B, 0x46, 0x30, 0xCE, 0x20, 0x8C, 0x00, 0x00
    },
    {
    0x00, 0x00, 0x01, 0x80, 0x01, 0x80, 0x01, 0x80, 0x3F, 0xF8, 0x01, 0x80,
    0x01, 0x80, 0x7F, 0xFC, 0x7F, 0xFC, 0x03, 0xC0, 0x07, 0xE0, 0x0D, 0xB0,
    0x19, 0x9C, 0x71, 0x8E, 0x21, 0x80, 0x01, 0x80
    },
    {
    0x00, 0x00, 0x01, 0x80, 0x01, 0x80, 0x01, 0x80, 0x3F, 0xFE, 0x01, 0x80,
    0x01, 0x80, 0x3F, 0xFC, 0x1F, 0xF8, 0x03, 0xC0, 0x07, 0xE0, 0x0D, 0xB0,
    0x39, 0x9E, 0x61, 0x86, 0x01, 0x80, 0x00, 0x80
    },
    {
    0x01, 0x80, 0x01, 0x80, 0x01, 0x80, 0x01, 0x80, 0x7F, 0xFE, 0x03, 0xC0,
    0x07, 0xE0, 0x05, 0xE0, 0x0D, 0xB0, 0x09, 0xB8, 0x19, 0x9C, 0x77, 0xFE,
    0x67, 0xF6, 0x01, 0x80, 0x01, 0x80, 0x01, 0x80
    },
    {
    0x00, 0x00, 0x07, 0xE0, 0x04, 0x20, 0x04, 0x20, 0x0C, 0x20, 0x0C, 0x34,
    0x39, 0xBC, 0x21, 0x80, 0x7F, 0xFE, 0x03, 0xC0, 0x07, 0xE0, 0x0D, 0xB8,
    0x39, 0x9E, 0x71, 0x8E, 0x01, 0x80, 0x00, 0x00
    },
    {
    0x00, 0x00, 0x18, 0xF8, 0x11, 0xF8, 0x19, 0x98, 0x7F, 0x98, 0x19, 0x98,
    0x31, 0x98, 0x3D, 0x98, 0x37, 0x98, 0x71, 0x98, 0x59, 0x98, 0x19, 0x1A,
    0x13, 0x1A, 0x1E, 0x1E, 0x1E, 0x0C, 0x00, 0x00
    },
    {
    0x03, 0x00, 0x03, 0x00, 0x3F, 0xF0, 0x3F, 0xF0, 0x06, 0x30, 0x0E, 0x36,
    0x3C, 0x3C, 0x31, 0x80, 0x01, 0x80, 0x7F, 0xFE, 0x01, 0x80, 0x0D, 0xB0,
    0x19, 0x9C, 0x71, 0x8C, 0x23, 0x80, 0x02, 0x00
    },
    {
    0x18, 0x18, 0x18, 0x18, 0x18, 0x08, 0x18, 0x08, 0x7F, 0xFF, 0x18, 0x38,
    0x18, 0x38, 0x3E, 0x68, 0x3A, 0x68, 0x78, 0xC8, 0x59, 0x88, 0x1B, 0x88,
    0x1B, 0x08, 0x18, 0x38, 0x18, 0x38, 0x00, 0x00
    },
    {
    0x00, 0x00, 0x01, 0x80, 0x01, 0x80, 0x7F, 0xFE, 0x01, 0x80, 0x1F, 0xF8,
    0x1F, 0xFC, 0x11, 0x8C, 0x1F, 0xFC, 0x1F, 0xF8, 0x07, 0xE0, 0x0D, 0xB0,
    0x19, 0x9E, 0x71, 0x8E, 0x21, 0x80, 0x00, 0x00
    },
    {
    0x04, 0x00, 0x06, 0x00, 0x0F, 0xF8, 0x1E, 0x38, 0x33, 0x70, 0x03, 0xC0,
    0x1F, 0xFE, 0x7D, 0x9E, 0x21, 0x80, 0x3F, 0xFC, 0x03, 0xC0, 0x05, 0xE0,
    0x1D, 0xBC, 0x71, 0x8E, 0x01, 0x80, 0x00, 0x00
    },
    {
    0x00, 0x80, 0x01, 0x80, 0x01, 0x80, 0x3F, 0xFE, 0x01, 0x80, 0x19, 0x98,
    0x0D, 0xB0, 0x01, 0x80, 0x7F, 0xFE, 0x07, 0xC0, 0x05, 0xE0, 0x0D, 0xB0,
    0x39, 0x9C, 0x71, 0x8E, 0x01, 0x80, 0x00, 0x80
    },
    {
    0x00, 0x00, 0x18, 0xB8, 0x18, 0x88, 0x18, 0x88, 0x7F, 0x8C, 0x19, 0x06,
    0x1B, 0x66, 0x3C, 0x60, 0x3E, 0x40, 0x78, 0xC8, 0x58, 0xCC, 0x58, 0x8C,
    0x19, 0xFE, 0x19, 0xC6, 0x18, 0x00, 0x00, 0x00
    },
    {
    0x00, 0x00, 0x18, 0x0C, 0x19, 0xFC, 0x19, 0x80, 0x7F, 0x80, 0x19, 0xFC,
    0x11, 0xCC, 0x3D, 0xCC, 0x3F, 0x68, 0x79, 0x68, 0x59, 0x38, 0x1B, 0x30,
    0x1B, 0x3C, 0x1E, 0xEE, 0x1C, 0x82, 0x00, 0x00
    },
    {
    0x00, 0x00, 0x18, 0xC0, 0x18, 0xC0, 0x18, 0xFE, 0x7D, 0xFE, 0x19, 0x02,
    0x1B, 0x66, 0x3C, 0x46, 0x3E, 0xD6, 0x7A, 0x96, 0x79, 0xFE, 0x19, 0xFE,
    0x18, 0x06, 0x18, 0x06, 0x18, 0x1C, 0x00, 0x08
    },
    {
    0x00, 0x00, 0x18, 0x40, 0x18, 0xC0, 0x18, 0xC0, 0x7E, 0xFE, 0x7F, 0x8C,
    0x19, 0x8C, 0x19, 0xC8, 0x3C, 0xC8, 0x7E, 0x58, 0x58, 0x78, 0x58, 0x30,
    0x18, 0x70, 0x19, 0xDE, 0x1B, 0x8E, 0x18, 0x00
    },
    {
    0x00, 0x00, 0x1F, 0xFC, 0x11, 0x8C, 0x1F, 0xFC, 0x1F, 0xFC, 0x11, 0x8C,
    0x1F, 0xFC, 0x1F, 0xF8, 0x7F, 0xFE, 0x7F, 0xFE, 0x07, 0xE0, 0x0D, 0xB0,
    0x39, 0x9E, 0x71, 0x8E, 0x01, 0x80, 0x00, 0x00
    },
    {
    0x00, 0x00, 0x18, 0x00, 0x1B, 0xFF, 0x18, 0x30, 0x7C, 0x20, 0x7D, 0xFC,
    0x19, 0xFE, 0x39, 0x26, 0x3F, 0x36, 0x7B, 0x76, 0x59, 0xDE, 0x19, 0xC6,
    0x19, 0x06, 0x19, 0x0E, 0x19, 0x0C, 0x00, 0x00
    },
    {
    0x00, 0x00, 0x0C, 0x30, 0x0C, 0x30, 0x7F, 0xFE, 0x0C, 0x30, 0x0F, 0xF0,
    0x0C, 0x30, 0x0F, 0xF0, 0x01, 0x80, 0x7F, 0xFE, 0x3F, 0xFE, 0x07, 0xE0,
    0x0D, 0xB8, 0x39, 0x9E, 0x71, 0x84, 0x01, 0x80
    },
    {
    0x00, 0x00, 0x00, 0xC0, 0x38, 0xC0, 0x0B, 0xF8, 0x63, 0x90, 0x30, 0x90,
    0x09, 0x92, 0x3B, 0x1E, 0x63, 0x1C, 0x01, 0x80, 0x7F, 0xFE, 0x07, 0xE0,
    0x0D, 0xB0, 0x39, 0x9E, 0x71, 0x8C, 0x01, 0x00
    },
    {
    0x00, 0x00, 0x01, 0x80, 0x01, 0x80, 0x7F, 0xFE, 0x07, 0xE0, 0x0D, 0xB0,
    0x19, 0x9E, 0x7F, 0xFE, 0x5F, 0xF8, 0x1F, 0xF8, 0x1F, 0xF8, 0x18, 0x18,
    0x1F, 0xF8, 0x00, 0x00, 0x7F, 0xFC, 0x00, 0x00
    },
    {
    0x00, 0x00, 0x18, 0x00, 0x19, 0xFC, 0x11, 0xFC, 0x7C, 0x00, 0x7E, 0x00,
    0x13, 0xFE, 0x38, 0x20, 0x3C, 0x20, 0x7F, 0xAC, 0x51, 0xAC, 0x59, 0x26,
    0x1B, 0x22, 0x12, 0x20, 0x18, 0xE0, 0x00, 0x40
    },
    {
    0x00, 0x00, 0x18, 0x60, 0x18, 0x60, 0x1B, 0xFE, 0x7C, 0xC0, 0x18, 0xA0,
    0x39, 0xB0, 0x3D, 0xFC, 0x3F, 0xFC, 0x78, 0x30, 0x59, 0xBC, 0x19, 0xB6,
    0x1B, 0x36, 0x1A, 0x30, 0x18, 0xE0, 0x00, 0x40
    },
    {
    0x00, 0x00, 0x18, 0xCC, 0x18, 0xC8, 0x18, 0x58, 0x7F, 0xFE, 0x18, 0x00,
    0x18, 0x00, 0x3C, 0x00, 0x3E, 0xFC, 0x7A, 0x00, 0x58, 0x00, 0x18, 0x00,
    0x18, 0x00, 0x1B, 0xFE, 0x18, 0x00, 0x00, 0x00
    },
    {
    0x00, 0x00, 0x18, 0xCC, 0x18, 0xD8, 0x19, 0xFE, 0x7D, 0xFE, 0x18, 0x30,
    0x18, 0x30, 0x3D, 0xFE, 0x3E, 0x30, 0x7A, 0x20, 0x5B, 0xFE, 0x1B, 0xFE,
    0x18, 0x30, 0x18, 0x30, 0x18, 0x30, 0x00, 0x00
    },
    {
    0x00, 0x20, 0x18, 0x30, 0x18, 0x20, 0x19, 0xFE, 0x7E, 0x60, 0x18, 0xC8,
    0x18, 0x98, 0x3D, 0xF0, 0x3E, 0x36, 0x78, 0x64, 0x59, 0xCC, 0x5B, 0x98,
    0x18, 0x7C, 0x18, 0xE6, 0x1B, 0x82, 0x10, 0x00
    },
    {
    0x00, 0x00, 0x18, 0x40, 0x18, 0xC0, 0x18, 0xFC, 0x7D, 0xCC, 0x7F, 0xC8,
    0x1B, 0x78, 0x3C, 0x70, 0x3E, 0xFE, 0x7B, 0x8E, 0x59, 0xFC, 0x59, 0x8C,
    0x19, 0x8C, 0x19, 0xFC, 0x19, 0x8C, 0x11, 0x80
    },
    {
    0x00, 0x00, 0x19, 0xFE, 0x1B, 0xFE, 0x1B, 0x00, 0x7F, 0x7E, 0x1B, 0x38,
    0x1B, 0x10, 0x3F, 0x7C, 0x3F, 0x7C, 0x7B, 0x10, 0x5B, 0x7C, 0x1B, 0x7E,
    0x1B, 0x00, 0x1B, 0xFE, 0x1B, 0xFE, 0x01, 0x00
    },
    {
    0x01, 0x00, 0x01, 0x80, 0x3F, 0xFC, 0x23, 0x04, 0x3F, 0xFC, 0x3F, 0xFC,
    0x0E, 0x60, 0x03, 0xF0, 0x3F, 0x3C, 0x11, 0x80, 0x7F, 0xFE, 0x7F, 0xFE,
    0x0D, 0xB0, 0x79, 0x9E, 0x61, 0x86, 0x00, 0x00
    },
    {
    0x08, 0x00, 0x18, 0x30, 0x19, 0x36, 0x19, 0xA4, 0x7C, 0xAC, 0x18, 0x20,
    0x19, 0xFE, 0x3F, 0xFE, 0x3E, 0x06, 0x79, 0xFE, 0x59, 0xFE, 0x18, 0x06,
    0x18, 0x06, 0x1B, 0xFE, 0x18, 0x06, 0x00, 0x00
    },
    {
    0x00, 0x00, 0x18, 0xC8, 0x18, 0x98, 0x19, 0xFC, 0x7D, 0xFE, 0x7C, 0x26,
    0x11, 0xFE, 0x39, 0x20, 0x3F, 0x20, 0x7F, 0xFE, 0x58, 0xE6, 0x18, 0xA6,
    0x19, 0xA6, 0x1B, 0x2C, 0x1E, 0x20, 0x10, 0x00
    },
    {
    0x00, 0x00, 0x10, 0x34, 0x10, 0x3C, 0x10, 0x30, 0x7B, 0xFE, 0x78, 0x30,
    0x33, 0xF4, 0x33, 0xF4, 0x3F, 0xFC, 0x7F, 0xDC, 0x73, 0x58, 0x12, 0xD8,
    0x12, 0xD8, 0x16, 0x6E, 0x34, 0x66, 0x10, 0x00
    },
    {
    0x10, 0x00, 0x10, 0x60, 0x10, 0xE0, 0x10, 0xD0, 0x7D, 0x98, 0x13, 0xFE,
    0x32, 0xF2, 0x3C, 0x00, 0x7D, 0x6C, 0x71, 0x6C, 0x51, 0x28, 0x11, 0x98,
    0x10, 0x18, 0x13, 0xFE, 0x10, 0x00, 0x00, 0x00
    },
    {
    0x00, 0x00, 0x10, 0x24, 0x11, 0xAC, 0x11, 0xA8, 0x7F, 0xFE, 0x7C, 0xF8,
    0x31, 0xEC, 0x33, 0x26, 0x3C, 0x40, 0x74, 0x40, 0x53, 0xFE, 0x11, 0x98,
    0x11, 0xF0, 0x10, 0x7C, 0x37, 0xCE, 0x12, 0x00
    },
    {
    0x00, 0x00, 0x33, 0x3E, 0x17, 0xBE, 0x36, 0xA8, 0x7F, 0xA8, 0x37, 0xE8,
    0x36, 0xFE, 0x3F, 0xFE, 0x3F, 0x98, 0x76, 0x18, 0x76, 0x98, 0x17, 0xF8,
    0x16, 0x6A, 0x34, 0xCE, 0x30, 0x84, 0x00, 0x00
    },
    {
    0x00, 0x00, 0x10, 0xD0, 0x17, 0xFE, 0x17, 0xFE, 0x7B, 0xFC, 0x12, 0xD6,
    0x33, 0xFC, 0x3E, 0xD6, 0x7F, 0xFC, 0x70, 0x00, 0x53, 0xFC, 0x13, 0x0C,
    0x13, 0xFC, 0x13, 0x0C, 0x13, 0xFC, 0x00, 0x00
    },
    {
    0x00, 0x00, 0x18, 0xD8, 0x13, 0xFE, 0x1B, 0xFE, 0x7C, 0xD8, 0x19, 0xFC,
    0x39, 0xFC, 0x3D, 0xFC, 0x3F, 0xFC, 0x71, 0xFC, 0x53, 0xFE, 0x13, 0xFE,
    0x10, 0xD0, 0x1B, 0x9E, 0x16, 0x06, 0x00, 0x00
    },
    {
    0x00, 0x00, 0x01, 0x80, 0x61, 0x00, 0x33, 0xFC, 0x33, 0xFC, 0x16, 0x0C,
    0x06, 0xCC, 0x00, 0xC0, 0x10, 0xC0, 0x18, 0xC0, 0x30, 0xE0, 0x31, 0xA0,
    0x63, 0x38, 0x67, 0x1E, 0x0C, 0x06, 0x00, 0x00
    },
    {
    0x00, 0x00, 0x32, 0x60, 0x32, 0x60, 0x7F, 0xFC, 0x32, 0x7E, 0x3E, 0xC4,
    0x3E, 0xB4, 0x3E, 0x30, 0x3E, 0x30, 0x32, 0x30, 0x7F, 0xB0, 0x12, 0x78,
    0x33, 0xCC, 0x61, 0x86, 0x43, 0x06, 0x00, 0x00
    },
    {
    0x00, 0x00, 0x00, 0x80, 0x00, 0xC0, 0x00, 0x80, 0x18, 0x80, 0x18, 0x80,
    0x18, 0xFC, 0x18, 0x80, 0x18, 0x80, 0x18, 0x80, 0x18, 0x80, 0x18, 0x80,
    0x18, 0x80, 0x7F, 0xFE, 0x7F, 0xFE, 0x00, 0x00
    },
    {
    0x00, 0x00, 0x00, 0x00, 0x3F, 0xFC, 0x3F, 0xFC, 0x01, 0x80, 0x01, 0x80,
    0x19, 0xF8, 0x19, 0xFC, 0x19, 0x80, 0x19, 0x80, 0x19, 0x80, 0x19, 0x80,
    0x7F, 0xFE, 0x7F, 0xFE, 0x00, 0x00, 0x00, 0x00
    },
    {
    0x00, 0x00, 0x06, 0x20, 0x06, 0x60, 0x06, 0x60, 0x36, 0x60, 0x36, 0x66,
    0x37, 0xFE, 0x36, 0x78, 0x36, 0x60, 0x36, 0x60, 0x36, 0x60, 0x36, 0x60,
    0x37, 0x62, 0x7E, 0x66, 0x60, 0x3E, 0x00, 0x00
    },
    {
    0x01, 0x80, 0x01, 0x80, 0x09, 0xF8, 0x09, 0xF8, 0x09, 0x80, 0x7F, 0xFE,
    0x7F, 0xFE, 0x01, 0x80, 0x09, 0x88, 0x1D, 0x9C, 0x19, 0x98, 0x33, 0xB0,
    0x01, 0xE0, 0x07, 0xC0, 0x3F, 0x00, 0x30, 0x00
    },
    {
    0x00, 0x00, 0x7F, 0xFC, 0x7F, 0xFC, 0x08, 0x40, 0x18, 0x44, 0x1F, 0x4C,
    0x33, 0x78, 0x33, 0x70, 0x6E, 0x60, 0x06, 0x40, 0x0C, 0x42, 0x1C, 0x66,
    0x38, 0x7E, 0x30, 0x38, 0x00, 0x00, 0x00, 0x00
    },
    {
    0x00, 0x00, 0x00, 0x20, 0x7E, 0xA0, 0x11, 0xFC, 0x11, 0xFC, 0x3D, 0x20,
    0x3E, 0x20, 0x65, 0xFE, 0x7C, 0x70, 0x1C, 0xF0, 0x19, 0xB8, 0x19, 0x2C,
    0x37, 0x26, 0x66, 0x20, 0x00, 0x20, 0x00, 0x00
    },
    {
    0x00, 0x40, 0x00, 0x58, 0x7E, 0x48, 0x11, 0xFC, 0x31, 0xE0, 0x3C, 0x7C,
    0x3F, 0xF0, 0x64, 0x7E, 0x77, 0xF8, 0x1F, 0x26, 0x08, 0x3C, 0x19, 0xF0,
    0x33, 0x92, 0x60, 0x1E, 0x40, 0x04, 0x00, 0x00
    },
    {
    0x00, 0x00, 0x0C, 0xF0, 0x3E, 0xF8, 0x30, 0xD8, 0x30, 0x98, 0x3F, 0x9E,
    0x31, 0x00, 0x31, 0xFC, 0x3F, 0xFC, 0x30, 0xC8, 0x30, 0x58, 0x7E, 0x70,
    0x70, 0xF8, 0x33, 0xCE, 0x33, 0x06, 0x00, 0x00
    },
    {
    0x00, 0x00, 0x0C, 0x00, 0x1F, 0xFC, 0x1F, 0xFC, 0x3F, 0xF8, 0x6F, 0xF8,
    0x09, 0x88, 0x18, 0x98, 0x7F, 0xFE, 0x7F, 0xFE, 0x19, 0x98, 0x19, 0x98,
    0x1F, 0xFE, 0x00, 0x38, 0x00, 0x38, 0x00, 0x20
    },
    {
    0x00, 0x00, 0x20, 0xC0, 0x30, 0xC0, 0x30, 0xC0, 0x30, 0xC4, 0x30, 0xCC,
    0x3E, 0xF8, 0x30, 0xE0, 0x30, 0xC0, 0x30, 0xC0, 0x30, 0xC0, 0x30, 0xC0,
    0x36, 0xC6, 0x3C, 0xFE, 0x70, 0x7C, 0x00, 0x00
    },
    {
    0x01, 0x00, 0x01, 0x80, 0x7F, 0xFC, 0x00, 0x00, 0x1F, 0xF0, 0x0F, 0xF0,
    0x00, 0x00, 0x73, 0xFE, 0x6F, 0xE4, 0x0F, 0x00, 0x1B, 0x70, 0x1F, 0xF8,
    0x3F, 0xE6, 0x01, 0x0C, 0x01, 0xF8, 0x00, 0x00
    },
    {
    0x00, 0x00, 0x0C, 0x00, 0x1F, 0xFC, 0x1F, 0xFC, 0x30, 0x00, 0x6F, 0xF8,
    0x40, 0x00, 0x3F, 0xF0, 0x3F, 0xF8, 0x00, 0x10, 0x00, 0x10, 0x00, 0x18,
    0x00, 0x1A, 0x00, 0x0E, 0x00, 0x06, 0x00, 0x00
    },
    {
    0x0C, 0x00, 0x1F, 0xFC, 0x3F, 0xFC, 0x7F, 0xF0, 0x4F, 0xF8, 0x3F, 0xF8,
    0x3F, 0xF8, 0x07, 0x98, 0x37, 0xD8, 0x7F, 0xF8, 0x5F, 0xF8, 0x0C, 0x88,
    0x18, 0x8E, 0x3B, 0x8E, 0x00, 0x04, 0x00, 0x00
    },
    {
    0x02, 0x00, 0x03, 0x80, 0x01, 0xC0, 0x00, 0x00, 0x1F, 0x80, 0x01, 0x88,
    0x01, 0x9C, 0x7F, 0xF8, 0x05, 0xE0, 0x0D, 0xE0, 0x0D, 0xB0, 0x19, 0x9C,
    0x31, 0x8E, 0x63, 0x84, 0x03, 0x00, 0x00, 0x00
    },
    {
    0x01, 0x00, 0x01, 0xB8, 0x01, 0x90, 0x7F, 0xFC, 0x7F, 0xFC, 0x01, 0x88,
    0x39, 0x98, 0x1D, 0xB0, 0x0D, 0xA0, 0x07, 0xE0, 0x0D, 0xB0, 0x39, 0x9C,
    0x61, 0x8C, 0x01, 0x80, 0x07, 0x00, 0x02, 0x00
    },
    {
    0x00, 0x00, 0x60, 0x00, 0x3F, 0xFC, 0x1C, 0x04, 0x0C, 0x04, 0x61, 0xF0,
    0x73, 0xF0, 0x03, 0x30, 0x13, 0x30, 0x33, 0x30, 0x33, 0x30, 0x22, 0x30,
    0x66, 0x36, 0x6C, 0x3E, 0x08, 0x1C, 0x00, 0x00
    },
    {
    0x00, 0x00, 0x31, 0xF0, 0x19, 0x30, 0x01, 0x10, 0x03, 0x3E, 0x76, 0x1C,
    0x30, 0x00, 0x07, 0xF8, 0x03, 0x18, 0x31, 0x30, 0x31, 0xB0, 0x30, 0xE0,
    0x61, 0xF8, 0x6F, 0x3E, 0x0E, 0x04, 0x00, 0x00
    },
    {
    0x00, 0x40, 0x20, 0x60, 0x38, 0x60, 0x1B, 0xFC, 0x00, 0x60, 0x40, 0x40,
    0x70, 0x60, 0x17, 0xFE, 0x00, 0xC0, 0x10, 0xC0, 0x31, 0x98, 0x31, 0x18,
    0x23, 0x1C, 0x67, 0xFE, 0x26, 0x04, 0x00, 0x00
    },
    {
    0x00, 0x00, 0x20, 0x7C, 0x3B, 0xF0, 0x1A, 0x00, 0x00, 0x60, 0x60, 0x60,
    0x33, 0xFC, 0x17, 0xFC, 0x00, 0x38, 0x18, 0x70, 0x30, 0xC0, 0x31, 0x80,
    0x37, 0x80, 0x67, 0xFE, 0x20, 0x3E, 0x00, 0x00
    },
    {
    0x00, 0x20, 0x20, 0x60, 0x38, 0x60, 0x1B, 0xFE, 0x02, 0x66, 0x62, 0x64,
    0x72, 0x60, 0x03, 0xFC, 0x03, 0x8C, 0x12, 0x88, 0x36, 0xD8, 0x36, 0x70,
    0x24, 0x70, 0x6C, 0xFE, 0x29, 0x8E, 0x00, 0x00
    },
    {
    0x00, 0x00, 0x30, 0x60, 0x38, 0x60, 0x0F, 0xFE, 0x00, 0x60, 0x60, 0x60,
    0x30, 0x60, 0x03, 0xFC, 0x13, 0xFC, 0x18, 0x60, 0x10, 0x60, 0x30, 0x60,
    0x30, 0x60, 0x77, 0xFE, 0x20, 0x00, 0x00, 0x00
    },
    {
    0x00, 0x08, 0x31, 0xFC, 0x1B, 0xF0, 0x00, 0x40, 0x00, 0x60, 0x67, 0xFE,
    0x30, 0x60, 0x00, 0x60, 0x03, 0xFC, 0x33, 0x0C, 0x32, 0x0C, 0x33, 0x0C,
    0x23, 0xFC, 0x63, 0x0C, 0x20, 0x00, 0x00, 0x00
    },
    {
    0x00, 0x40, 0x20, 0x40, 0x37, 0xFE, 0x17, 0xFE, 0x01, 0x90, 0x63, 0x18,
    0x77, 0xFC, 0x06, 0x00, 0x02, 0x58, 0x32, 0x58, 0x32, 0x58, 0x32, 0x58,
    0x26, 0xDA, 0x6C, 0xDE, 0x2C, 0xCE, 0x00, 0x00
    },
    {
    0x00, 0x00, 0x20, 0x06, 0x3F, 0xD6, 0x0C, 0x56, 0x05, 0x56, 0x65, 0x56,
    0x75, 0x56, 0x05, 0x56, 0x05, 0x56, 0x1D, 0x56, 0x37, 0x56, 0x33, 0xC6,
    0x26, 0xE6, 0x6C, 0x6E, 0x24, 0x0C, 0x00, 0x00
    },
    {
    0x00, 0x00, 0x23, 0x06, 0x3B, 0x16, 0x10, 0x36, 0x0F, 0xF6, 0x21, 0xB6,
    0x75, 0xB6, 0x07, 0xB6, 0x03, 0x36, 0x33, 0x36, 0x33, 0xB6, 0x26, 0xF6,
    0x24, 0x06, 0x6C, 0x06, 0x20, 0x1C, 0x00, 0x08
    },
    {
    0x00, 0x00, 0x33, 0xFC, 0x1F, 0xE0, 0x0A, 0x4C, 0x03, 0x6C, 0x72, 0x08,
    0x33, 0xFC, 0x03, 0xFC, 0x00, 0x30, 0x10, 0x60, 0x3F, 0xFE, 0x30, 0x60,
    0x60, 0x60, 0x60, 0xE0, 0x00, 0xC0, 0x00, 0x00
    },
    {
    0x00, 0x60, 0x00, 0x64, 0x32, 0x6C, 0x1B, 0x68, 0x01, 0x60, 0x03, 0xFC,
    0x73, 0xFC, 0x13, 0x04, 0x03, 0xFC, 0x1B, 0x0C, 0x1B, 0x0C, 0x33, 0xFC,
    0x33, 0x0C, 0x33, 0x1C, 0x23, 0x1C, 0x00, 0x00
    },
    {
    0x00, 0x40, 0x22, 0x6C, 0x3A, 0x4C, 0x1A, 0x48, 0x00, 0xF0, 0x61, 0x9C,
    0x73, 0xCE, 0x16, 0x60, 0x00, 0x4C, 0x12, 0x4C, 0x32, 0xE8, 0x30, 0xF0,
    0x31, 0x98, 0x67, 0x0E, 0x06, 0x04, 0x00, 0x00
    },
    {
    0x00, 0x00, 0x37, 0xFC, 0x37, 0xFE, 0x16, 0xB6, 0x05, 0xB4, 0x63, 0x3C,
    0x30, 0x40, 0x00, 0x40, 0x07, 0xFE, 0x31, 0xF0, 0x33, 0xF0, 0x32, 0x58,
    0x66, 0x4E, 0x6C, 0x44, 0x00, 0x40, 0x00, 0x00
    },
    {
    0x00, 0x00, 0x23, 0xFC, 0x3A, 0x0C, 0x1B, 0xFC, 0x03, 0xFC, 0x62, 0x0C,
    0x33, 0xFC, 0x10, 0x00, 0x06, 0x30, 0x17, 0xBC, 0x37, 0xB8, 0x36, 0x30,
    0x67, 0xA6, 0x67, 0x3E, 0x00, 0x1C, 0x00, 0x00
    },
    {
    0x00, 0x00, 0x00, 0x60, 0x37, 0xFE, 0x1B, 0xFE, 0x03, 0xFC, 0x03, 0xFC,
    0x77, 0xFE, 0x37, 0xFE, 0x01, 0xF8, 0x03, 0xFC, 0x13, 0xFC, 0x33, 0xFC,
    0x33, 0xFC, 0x63, 0x0C, 0x63, 0x1C, 0x00, 0x10
    },
    {
    0x00, 0x00, 0x00, 0x60, 0x37, 0xFE, 0x1F, 0xFE, 0x04, 0x06, 0x43, 0xF8,
    0x70, 0x00, 0x33, 0xFC, 0x03, 0x0C, 0x13, 0xFC, 0x32, 0x0C, 0x33, 0xFC,
    0x33, 0xF8, 0x67, 0xFE, 0x27, 0xFE, 0x00, 0x00
    },
    {
    0x00, 0x00, 0x22, 0x30, 0x32, 0x3E, 0x1F, 0xBE, 0x0F, 0xE0, 0x64, 0x7C,
    0x77, 0xBC, 0x27, 0x88, 0x05, 0x98, 0x25, 0xFE, 0x35, 0x98, 0x2D, 0x98,
    0x6D, 0x98, 0x7B, 0xB8, 0x09, 0x30, 0x00, 0x00
    },
    {
    0x00, 0x00, 0x37, 0xFE, 0x3F, 0xFE, 0x16, 0x20, 0x06, 0xFC, 0x66, 0xFC,
    0x36, 0xFC, 0x06, 0xFC, 0x04, 0x84, 0x34, 0xFC, 0x34, 0x20, 0x2D, 0xAC,
    0x6B, 0x26, 0x7A, 0x66, 0x00, 0x60, 0x00, 0x00
    },
    {
    0x01, 0x80, 0x31, 0x90, 0x3F, 0xFE, 0x07, 0xFE, 0x01, 0x90, 0x6F, 0xFE,
    0x30, 0xB0, 0x07, 0xFC, 0x07, 0xFC, 0x34, 0xB4, 0x35, 0xF4, 0x25, 0x7C,
    0x67, 0x6C, 0x64, 0x04, 0x64, 0x0C, 0x00, 0x08
    },
    {
    0x00, 0x00, 0x27, 0xFE, 0x38, 0xB0, 0x13, 0xFC, 0x07, 0xFC, 0x76, 0xBC,
    0x33, 0xFC, 0x03, 0xFC, 0x13, 0xF8, 0x37, 0xFE, 0x37, 0xFE, 0x32, 0x48,
    0x67, 0x6C, 0x6C, 0xE6, 0x00, 0xC0, 0x00, 0x00
    },
    {
    0x00, 0x40, 0x30, 0x60, 0x1F, 0xFE, 0x06, 0x06, 0x07, 0xFE, 0x71, 0xF8,
    0x33, 0xFC, 0x03, 0xFC, 0x03, 0xFC, 0x13, 0xFC, 0x32, 0x6C, 0x33, 0xFC,
    0x31, 0x90, 0x23, 0x9C, 0x2E, 0x0E, 0x00, 0x00
    },
    {
    0x01, 0x10, 0x27, 0xFE, 0x37, 0xFE, 0x11, 0x10, 0x07, 0xBC, 0x67, 0xBC,
    0x77, 0xBC, 0x03, 0x60, 0x03, 0xFE, 0x37, 0xFC, 0x3F, 0xFC, 0x27, 0xFC,
    0x67, 0xFC, 0x67, 0xFE, 0x67, 0xFE, 0x02, 0x00
    },
    {
    0x00, 0x00, 0x3F, 0xFC, 0x3F, 0xFC, 0x01, 0x80, 0x01, 0x80, 0x11, 0x8C,
    0x11, 0x98, 0x31, 0x90, 0x33, 0x90, 0x03, 0xC0, 0x06, 0x60, 0x0C, 0x30,
    0x38, 0x1E, 0x70, 0x0E, 0x00, 0x00, 0x00, 0x00
    },
    {
    0x00, 0x00, 0x18, 0x00, 0x19, 0xFE, 0x19, 0xFE, 0x5B, 0x18, 0x6E, 0x18,
    0x6C, 0x18, 0x68, 0x18, 0x58, 0x18, 0x1C, 0x18, 0x1E, 0x18, 0x13, 0x18,
    0x31, 0x18, 0x60, 0x78, 0x60, 0x70, 0x00, 0x00
    },
    {
    0x01, 0x00, 0x01, 0x00, 0x01, 0xFC, 0x01, 0xFC, 0x01, 0x00, 0x1F, 0xF8,
    0x1F, 0xF8, 0x18, 0x18, 0x18, 0x18, 0x1F, 0xF8, 0x1F, 0xF8, 0x00, 0x0C,
    0x36, 0x4C, 0x66, 0x66, 0x62, 0x02, 0x00, 0x00
    },
    {
    0x00, 0x00, 0x18, 0x1C, 0x19, 0xFC, 0x19, 0x80, 0x5F, 0xB0, 0x7D, 0xB0,
    0x79, 0xB0, 0x7B, 0xFE, 0x58, 0x30, 0x18, 0xB0, 0x1D, 0xBC, 0x35, 0xB6,
    0x33, 0x36, 0x63, 0x70, 0x40, 0x60, 0x00, 0x00
    },
    {
    0x00, 0x00, 0x19, 0xFE, 0x19, 0xFE, 0x19, 0x26, 0x2F, 0x26, 0x6F, 0x7E,
    0x69, 0x7E, 0x69, 0x26, 0x59, 0x36, 0x19, 0x7E, 0x1D, 0xCE, 0x1F, 0x06,
    0x33, 0xFE, 0x31, 0xFE, 0x61, 0x02, 0x00, 0x00
    },
    {
    0x08, 0x00, 0x0C, 0x20, 0x18, 0x2C, 0x1F, 0x2C, 0x33, 0xFC, 0x2F, 0xFC,
    0x66, 0x70, 0x1E, 0x70, 0x0C, 0xD8, 0x1D, 0x8E, 0x33, 0x06, 0x00, 0x08,
    0x36, 0x4C, 0x36, 0x66, 0x62, 0x46, 0x00, 0x00
    },
    {
    0x00, 0x00, 0x3E, 0xFC, 0x3E, 0x64, 0x26, 0x64, 0x36, 0xCC, 0x3F, 0x9C,
    0x36, 0xFC, 0x26, 0xFC, 0x3E, 0x84, 0x3E, 0xFC, 0x20, 0xFC, 0x30, 0x4C,
    0x36, 0x6C, 0x62, 0x66, 0x00, 0x00, 0x00, 0x00
    },
    {
    0x08, 0x20, 0x0C, 0x60, 0x7F, 0x60, 0x3E, 0xF8, 0x3E, 0xF8, 0x3E, 0x68,
    0x3E, 0xE8, 0x7E, 0xD8, 0x0C, 0x78, 0x7E, 0xCA, 0x79, 0x8E, 0x19, 0x04,
    0x34, 0xD8, 0x66, 0xCC, 0x66, 0x44, 0x00, 0x00
    },
    {
    0x00, 0x00, 0x08, 0x60, 0x0C, 0x60, 0x08, 0x60, 0x08, 0x60, 0x0F, 0xFE,
    0x08, 0x00, 0x08, 0x00, 0x0F, 0xF0, 0x1F, 0xF0, 0x18, 0x30, 0x18, 0x30,
    0x30, 0x30, 0x30, 0x30, 0x00, 0x30, 0x00, 0x00
    },
    {
    0x00, 0x00, 0x0C, 0x0C, 0x6D, 0xFC, 0x6D, 0x80, 0x6D, 0x80, 0x7F, 0xFC,
    0x7F, 0xCC, 0x61, 0xEC, 0x7D, 0xEC, 0x6D, 0x28, 0x6D, 0x38, 0x6D, 0x38,
    0x6F, 0x38, 0x46, 0xEE, 0x42, 0xC6, 0x00, 0x00
    },
    {
    0x08, 0x00, 0x0C, 0xC0, 0x28, 0xC0, 0x2D, 0xFE, 0x3F, 0xFE, 0x6F, 0x5A,
    0x68, 0x56, 0x0C, 0xD6, 0x0E, 0x96, 0x7D, 0xB6, 0x69, 0x26, 0x0C, 0x66,
    0x0C, 0xCC, 0x0D, 0x9C, 0x0C, 0x00, 0x00, 0x00
    },
    {
    0x00, 0x00, 0x08, 0x20, 0x08, 0x20, 0x69, 0xFC, 0x7E, 0x20, 0x7F, 0xFE,
    0x49, 0xFE, 0x08, 0x08, 0x1F, 0xFE, 0x7D, 0xFE, 0x78, 0x08, 0x08, 0x98,
    0x08, 0xD8, 0x08, 0x18, 0x08, 0x38, 0x00, 0x00
    },
    {
    0x00, 0x20, 0x0C, 0x60, 0x0C, 0x6C, 0x6C, 0x64, 0x6C, 0x60, 0x3F, 0xFE,
    0x0C, 0x60, 0x0C, 0x60, 0x3C, 0x70, 0x3C, 0x70, 0x6C, 0xD0, 0x6C, 0xD8,
    0x0D, 0x8C, 0x0F, 0x86, 0x0D, 0x00, 0x00, 0x00
    },
    {
    0x00, 0x00, 0x04, 0x20, 0x2C, 0x20, 0x18, 0x20, 0x39, 0xFC, 0x79, 0x24,
    0x09, 0x24, 0x19, 0x24, 0x3D, 0xFC, 0x6D, 0xFC, 0x6D, 0x24, 0x0C, 0x24,
    0x08, 0x26, 0x3B, 0xFE, 0x33, 0x02, 0x00, 0x00
    },
    {
    0x00, 0x00, 0x49, 0x10, 0x79, 0x14, 0x31, 0x96, 0x70, 0x10, 0x5B, 0x7E,
    0x1B, 0x10, 0x19, 0x10, 0x39, 0x30, 0x69, 0x38, 0x49, 0xF8, 0x09, 0xAC,
    0x1B, 0x6C, 0x38, 0x46, 0x30, 0xC2, 0x00, 0x00
    },
    {
    0x00, 0x00, 0x0C, 0x18, 0x0C, 0x1C, 0x7F, 0x96, 0x0C, 0x10, 0x3F, 0xBE,
    0x7F, 0xBE, 0x6A, 0x90, 0x6E, 0x98, 0x7F, 0x98, 0x6D, 0xB8, 0x7F, 0xBC,
    0x6D, 0xAC, 0x6D, 0xE6, 0x60, 0xC6, 0x00, 0x00
    },
    {
    0x00, 0x00, 0x01, 0x80, 0x7F, 0xFE, 0x01, 0x00, 0x33, 0x0C, 0x1A, 0x7C,
    0x07, 0x90, 0x0B, 0x58, 0x3F, 0xEC, 0x37, 0xE4, 0x01, 0x80, 0x7F, 0xFE,
    0x01, 0x80, 0x01, 0x80, 0x01, 0x80, 0x01, 0x00
    },
    {
    0x00, 0x00, 0x7D, 0xFC, 0x7D, 0xFC, 0x10, 0x00, 0x10, 0x00, 0x13, 0xFE,
    0x7C, 0xF0, 0x10, 0xB0, 0x10, 0xB0, 0x11, 0xB0, 0x1D, 0xB0, 0x79, 0x32,
    0x43, 0x3E, 0x06, 0x1E, 0x00, 0x00, 0x00, 0x00
    },
    {
    0x00, 0x00, 0x7F, 0xFE, 0x7D, 0xFE, 0x10, 0x20, 0x10, 0x60, 0x7C, 0x60,
    0x7C, 0x68, 0x10, 0xEC, 0x10, 0xEC, 0x19, 0xE6, 0x3F, 0x62, 0x77, 0x60,
    0x40, 0x60, 0x00, 0x60, 0x00, 0x60, 0x00, 0x00
    },
    {
    0x00, 0x00, 0x7F, 0xFC, 0x7F, 0x0C, 0x11, 0x2C, 0x11, 0x6C, 0x11, 0x6C,
    0x7D, 0x6C, 0x11, 0x6C, 0x11, 0x64, 0x10, 0x70, 0x1C, 0xF0, 0x7D, 0xB2,
    0x63, 0x36, 0x06, 0x3E, 0x00, 0x00, 0x00, 0x00
    },
    {
    0x00, 0x00, 0x00, 0x30, 0x7E, 0x20, 0x7E, 0xFE, 0x18, 0xFE, 0x18, 0x86,
    0x18, 0x86, 0x7E, 0x86, 0x18, 0xFE, 0x18, 0x86, 0x18, 0x86, 0x1A, 0x86,
    0x3E, 0xFE, 0x70, 0xFE, 0x00, 0x86, 0x00, 0x00
    },
    {
    0x00, 0x00, 0x01, 0xFC, 0x7F, 0xFE, 0x13, 0x26, 0x13, 0xFE, 0x13, 0xFE,
    0x7F, 0x26, 0x7F, 0x26, 0x13, 0xFE, 0x10, 0x20, 0x11, 0xFC, 0x1D, 0xFC,
    0x78, 0x20, 0x67, 0xFE, 0x07, 0xFE, 0x00, 0x00
    },
    {
    0x00, 0x00, 0x00, 0x40, 0x00, 0x7C, 0x7C, 0x40, 0x33, 0xFE, 0x33, 0xFC,
    0x32, 0x7C, 0x7B, 0xF0, 0x7A, 0x7C, 0x32, 0x78, 0x32, 0xD0, 0x3E, 0xD0,
    0x7E, 0x90, 0x64, 0x92, 0x0D, 0x9E, 0x00, 0x00
    },
    {
    0x00, 0x00, 0x00, 0xC0, 0x0C, 0xC0, 0x18, 0xC0, 0x1F, 0xFC, 0x3F, 0xFC,
    0x30, 0xC0, 0x20, 0x80, 0x0F, 0xF8, 0x0F, 0xF8, 0x00, 0xC0, 0x00, 0xC0,
    0x00, 0xC0, 0x7F, 0xFE, 0x3F, 0xFE, 0x00, 0x00
    },
    {
    0x00, 0x00, 0x1F, 0xFC, 0x18, 0xC4, 0x18, 0x84, 0x1F, 0xFC, 0x1F, 0xFC,
    0x18, 0x84, 0x18, 0x84, 0x1F, 0xFC, 0x1F, 0xFC, 0x18, 0x84, 0x18, 0x84,
    0x30, 0xCC, 0x30, 0x9C, 0x00, 0x08, 0x00, 0x00
    },
    {
    0x00, 0x00, 0x01, 0x80, 0x01, 0x80, 0x01, 0x80, 0x3F, 0xFC, 0x31, 0x8C,
    0x31, 0x8C, 0x31, 0x8C, 0x3F, 0xFC, 0x3F, 0xFC, 0x31, 0x8C, 0x31, 0x8C,
    0x31, 0x8C, 0x3F, 0xFC, 0x30, 0x0C, 0x00, 0x00
    },
    {
    0x00, 0x00, 0x03, 0x00, 0x02, 0x00, 0x7F, 0xF0, 0x7F, 0xF0, 0x62, 0x10,
    0x63, 0x10, 0x7F, 0xF0, 0x63, 0x10, 0x63, 0x10, 0x7F, 0xF0, 0x63, 0x18,
    0x63, 0x04, 0x03, 0x06, 0x03, 0xFC, 0x00, 0x00
    },
    {
    0x00, 0x00, 0x3F, 0xFC, 0x3F, 0xFC, 0x00, 0x00, 0x0F, 0xE0, 0x2D, 0xAC,
    0x2D, 0xAC, 0x2F, 0xEC, 0x2D, 0xAC, 0x2D, 0xAC, 0x2F, 0xEC, 0x20, 0x0C,
    0x3F, 0xFC, 0x3F, 0xFC, 0x60, 0x04, 0x00, 0x00
    },
    {
    0x00, 0x00, 0x1F, 0xF8, 0x11, 0x88, 0x1F, 0xF8, 0x1F, 0xF8, 0x11, 0x88,
    0x1F, 0xF8, 0x1F, 0xF8, 0x0C, 0x30, 0x3E, 0x3E, 0x66, 0x26, 0x04, 0x20,
    0x0C, 0x20, 0x38, 0x20, 0x30, 0x20, 0x00, 0x00
    },
    {
    0x00, 0x00, 0x0E, 0x7E, 0x3E, 0x7E, 0x32, 0x26, 0x37, 0x26, 0x3F, 0x66,
    0x78, 0xCC, 0x20, 0x88, 0x1F, 0xFC, 0x18, 0x84, 0x1F, 0xFC, 0x1F, 0xFC,
    0x18, 0x84, 0x1F, 0xFC, 0x18, 0x04, 0x00, 0x00
    },
    {
    0x00, 0x00, 0x00, 0x40, 0x7E, 0xFC, 0x7E, 0xFC, 0x5F, 0xC8, 0x5F, 0x78,
    0x7E, 0x70, 0x7E, 0xFC, 0x5F, 0xCE, 0x5E, 0xFC, 0x5E, 0x8C, 0x7E, 0x8C,
    0x66, 0x8C, 0x60, 0xFC, 0x00, 0x8C, 0x00, 0x00
    },
    {
    0x00, 0x40, 0x00, 0x40, 0x0F, 0xFE, 0x1F, 0xFE, 0x78, 0x60, 0x3B, 0xFE,
    0x3A, 0x6C, 0x1A, 0x60, 0x7B, 0xF8, 0x7B, 0xFC, 0x1A, 0x88, 0x16, 0x58,
    0x36, 0x70, 0x3D, 0xFE, 0x2D, 0x8E, 0x00, 0x00
    },
    {
    0x00, 0x00, 0x03, 0x00, 0x06, 0x00, 0x3F, 0xFC, 0x3F, 0xFC, 0x30, 0x0C,
    0x30, 0x0C, 0x30, 0x0C, 0x3F, 0xFC, 0x30, 0x0C, 0x30, 0x0C, 0x30, 0x0C,
    0x3F, 0xFC, 0x3F, 0xFC, 0x30, 0x0C, 0x00, 0x00
    },
    {
    0x00, 0x00, 0x18, 0x60, 0x18, 0x60, 0x18, 0x60, 0x7E, 0xFE, 0x62, 0xC6,
    0x63, 0x86, 0x7E, 0x46, 0x7E, 0x64, 0x62, 0x24, 0x62, 0x24, 0x62, 0x04,
    0x7E, 0x04, 0x62, 0x1C, 0x22, 0x18, 0x00, 0x00
    },
    {
    0x00, 0x80, 0x00, 0xC0, 0x00, 0x80, 0x1F, 0xFE, 0x10, 0xCC, 0x10, 0x84,
    0x10, 0xC0, 0x1F, 0xF8, 0x12, 0x18, 0x33, 0x10, 0x31, 0xB0, 0x30, 0xE0,
    0x31, 0xF0, 0x6F, 0xBE, 0x6E, 0x06, 0x00, 0x00
    },
    {
    0x00, 0x00, 0x06, 0x60, 0x36, 0x60, 0x36, 0x7E, 0x36, 0x7E, 0x36, 0xD0,
    0x37, 0x98, 0x36, 0x88, 0x02, 0x00, 0x1F, 0xF8, 0x3F, 0xFC, 0x32, 0x4C,
    0x12, 0x48, 0x7F, 0xFE, 0x7F, 0xFE, 0x00, 0x00
    },
    {
    0x00, 0x00, 0x06, 0x60, 0x06, 0x60, 0x3F, 0xFC, 0x3F, 0xFC, 0x1F, 0xF8,
    0x1F, 0xF8, 0x01, 0x80, 0x7F, 0xFE, 0x00, 0x00, 0x3F, 0xF8, 0x36, 0x48,
    0x36, 0x48, 0x36, 0x48, 0x7F, 0xFE, 0x00, 0x00
    },
    {
    0x00, 0x00, 0x03, 0x00, 0x0F, 0xF8, 0x0F, 0xF8, 0x09, 0x98, 0x08, 0x98,
    0x7F, 0xFE, 0x09, 0x18, 0x19, 0x98, 0x30, 0x30, 0x1F, 0xF8, 0x1F, 0xF8,
    0x12, 0x48, 0x12, 0x4C, 0x7F, 0xFE, 0x00, 0x00
    },
    {
    0x00, 0x00, 0x7C, 0x00, 0x7F, 0xFE, 0x44, 0x10, 0x7C, 0x10, 0x7C, 0x10,
    0x64, 0x10, 0x64, 0x10, 0x7C, 0x10, 0x64, 0x10, 0x64, 0x10, 0x7C, 0x10,
    0x7E, 0x30, 0x64, 0x70, 0x00, 0x40, 0x00, 0x00
    },
    {
    0x00, 0x00, 0x01, 0x80, 0x01, 0x80, 0x3F, 0xFE, 0x01, 0x80, 0x1F, 0xF8,
    0x18, 0x18, 0x1F, 0xF8, 0x1F, 0xF8, 0x1F, 0xF8, 0x1F, 0xF8, 0x1F, 0xF8,
    0x1F, 0xF8, 0x18, 0x18, 0x7F, 0xFE, 0x00, 0x00
    },
    {
    0x00, 0x00, 0x18, 0x00, 0x18, 0xFE, 0x08, 0x86, 0x7E, 0x86, 0x3E, 0xFE,
    0x18, 0xFE, 0x1C, 0x86, 0x3E, 0x86, 0x3A, 0xFE, 0x68, 0xFE, 0x48, 0x86,
    0x18, 0x86, 0x18, 0xFE, 0x18, 0x86, 0x08, 0x82
    },
    {
    0x00, 0x80, 0x00, 0x80, 0x0C, 0x98, 0x1C, 0x8E, 0x3B, 0x86, 0x31, 0xF0,
    0x01, 0xC0, 0x0F, 0xF8, 0x7F, 0xF8, 0x0F, 0xF8, 0x0F, 0xF8, 0x0F, 0xF8,
    0x0C, 0x08, 0x0F, 0xF8, 0x08, 0x08, 0x00, 0x00
    },
    {
    0x00, 0x00, 0x00, 0x3C, 0x3F, 0xFC, 0x03, 0x00, 0x1F, 0xF8, 0x7F, 0xFE,
    0x7F, 0xFE, 0x06, 0x00, 0x1F, 0xF8, 0x3F, 0xF8, 0x67, 0xF8, 0x0F, 0xF8,
    0x0F, 0xF8, 0x0F, 0xF8, 0x0C, 0x08, 0x00, 0x00
    },
    {
    0x00, 0x80, 0x01, 0x80, 0x3F, 0xFC, 0x01, 0x80, 0x1F, 0xF8, 0x18, 0x18,
    0x0F, 0xF8, 0x0F, 0xF8, 0x1F, 0xF8, 0x1F, 0xF8, 0x0F, 0xF8, 0x7F, 0xFE,
    0x7F, 0xFE, 0x1C, 0x38, 0x30, 0x0C, 0x00, 0x00
    },
    {
    0x00, 0x00, 0x06, 0x60, 0x3F, 0xFC, 0x3F, 0xFC, 0x1F, 0xF8, 0x3F, 0xF8,
    0x7F, 0xFE, 0x7F, 0xFE, 0x0F, 0xF8, 0x1F, 0xF8, 0x7F, 0xF8, 0x2F, 0xF8,
    0x0F, 0xF8, 0x0F, 0xF8, 0x0F, 0xF8, 0x00, 0x00
    },
    {
    0x00, 0x0C, 0x7B, 0xFC, 0x69, 0x24, 0x69, 0x2C, 0x7B, 0xFE, 0x6F, 0xFE,
    0x6A, 0x0A, 0x7B, 0xBC, 0x7B, 0xFC, 0x6A, 0xE8, 0x7F, 0xE8, 0x79, 0xFE,
    0x69, 0xA8, 0x67, 0x08, 0x02, 0x08, 0x00, 0x00
    },
    {
    0x00, 0x00, 0x18, 0x00, 0x10, 0x3C, 0x3F, 0x7E, 0x3F, 0x66, 0x64, 0x66,
    0x04, 0x66, 0x3F, 0xE6, 0x7F, 0xE6, 0x0C, 0x66, 0x0E, 0x66, 0x0F, 0x7E,
    0x1B, 0xFE, 0x31, 0xE6, 0x70, 0x00, 0x00, 0x00
    },
    {
    0x00, 0x00, 0x30, 0x00, 0x21, 0xFE, 0x3E, 0x00, 0x7E, 0xFC, 0x49, 0xFC,
    0x09, 0x8C, 0x7F, 0x8C, 0x7F, 0xFC, 0x18, 0x0C, 0x1C, 0xCC, 0x16, 0xC8,
    0x32, 0x18, 0x61, 0xFE, 0x63, 0xFE, 0x00, 0x00
    },
    {
    0x00, 0x00, 0x7E, 0xFC, 0x7E, 0x0C, 0x18, 0x0C, 0x18, 0xCC, 0x30, 0xCC,
    0x3E, 0xCC, 0x76, 0xFE, 0x76, 0x7E, 0x36, 0x02, 0x3E, 0xFA, 0x3E, 0xFE,
    0x32, 0x06, 0x10, 0x0E, 0x00, 0x0C, 0x00, 0x00
    },
    {
    0x00, 0x10, 0x00, 0x30, 0x7E, 0x30, 0x7F, 0xFE, 0x19, 0xB6, 0x11, 0xB4,
    0x3D, 0xB0, 0x3D, 0xFC, 0x75, 0xCC, 0x35, 0xEC, 0x37, 0xA8, 0x3F, 0xB8,
    0x37, 0x38, 0x33, 0x6E, 0x02, 0xC6, 0x00, 0x00
    },
    {
    0x00, 0x00, 0x7F, 0xFE, 0x7C, 0x20, 0x11, 0xFC, 0x31, 0xFC, 0x3D, 0xFC,
    0x7D, 0xFC, 0x65, 0x24, 0x35, 0xFC, 0x35, 0x20, 0x3D, 0xE0, 0x34, 0xE0,
    0x21, 0xFE, 0x03, 0x9E, 0x00, 0x00, 0x00, 0x00
    },
    {
    0x00, 0x00, 0x00, 0x60, 0x7E, 0xFC, 0x19, 0x98, 0x19, 0x98, 0x10, 0xFE,
    0x3E, 0xB2, 0x36, 0xFE, 0x76, 0xFE, 0x76, 0xB2, 0x34, 0xFE, 0x3D, 0xFE,
    0x37, 0x82, 0x33, 0x06, 0x03, 0x06, 0x00, 0x00
    },
    {
    0x00, 0x00, 0x00, 0x30, 0x7F, 0xFE, 0x19, 0xFE, 0x10, 0x4C, 0x30, 0xC8,
    0x3C, 0xCC, 0x75, 0xBE, 0x77, 0x12, 0x34, 0x20, 0x37, 0xFE, 0x3F, 0xFE,
    0x3C, 0x30, 0x34, 0x30, 0x20, 0x30, 0x00, 0x20
    },
    {
    0x00, 0x00, 0x00, 0xD8, 0x7C, 0xD8, 0x7F, 0xFE, 0x10, 0x58, 0x30, 0x58,
    0x3F, 0x56, 0x3F, 0x5E, 0x65, 0x5C, 0x75, 0x5C, 0x35, 0xDC, 0x3D, 0x5C,
    0x3C, 0x50, 0x33, 0xFE, 0x23, 0xFE, 0x00, 0x00
    },
    {
    0x00, 0x80, 0x00, 0xC0, 0x3F, 0xFE, 0x33, 0x10, 0x37, 0xBC, 0x37, 0xFE,
    0x37, 0xFC, 0x3B, 0xDE, 0x33, 0x18, 0x3F, 0xFE, 0x31, 0x80, 0x33, 0xFC,
    0x2E, 0x0C, 0x6B, 0xFC, 0x03, 0xFC, 0x00, 0x00
    },
    {
    0x00, 0x00, 0x1F, 0xF8, 0x1F, 0xF8, 0x00, 0x00, 0x00, 0x00, 0x7F, 0xFE,
    0x7F, 0xFE, 0x01, 0x80, 0x0D, 0x90, 0x19, 0x98, 0x19, 0x8C, 0x31, 0x8E,
    0x61, 0x86, 0x07, 0x80, 0x03, 0x00, 0x00, 0x00
    },
    {
    0x00, 0x00, 0x01, 0x80, 0x7F, 0xFE, 0x06, 0x60, 0x13, 0xEC, 0x13, 0xEC,
    0x16, 0x2C, 0x1F, 0xF8, 0x31, 0x80, 0x7F, 0xFC, 0x31, 0xAC, 0x31, 0xE4,
    0x37, 0xF4, 0x30, 0x1C, 0x30, 0x1C, 0x00, 0x00
    },
    {
    0x00, 0x10, 0x0E, 0x30, 0x3E, 0x30, 0x08, 0xFE, 0x09, 0xFE, 0x3F, 0xB6,
    0x3F, 0xB6, 0x18, 0xB6, 0x1E, 0xB6, 0x3B, 0xFE, 0x69, 0xB6, 0x68, 0xB0,
    0x08, 0x30, 0x08, 0x30, 0x08, 0x30, 0x00, 0x00
    },
    {
    0x00, 0x00, 0x1E, 0x30, 0x7C, 0x30, 0x18, 0x30, 0x18, 0xBC, 0x7F, 0xB6,
    0x19, 0xB6, 0x1D, 0x30, 0x3E, 0x3C, 0x3B, 0x7C, 0x78, 0x78, 0x58, 0x18,
    0x18, 0x30, 0x18, 0xE0, 0x1B, 0xC0, 0x00, 0x00
    },
    {
    0x00, 0x00, 0x3E, 0xFC, 0x78, 0x8C, 0x08, 0x8C, 0x18, 0x8C, 0x7E, 0x8C,
    0x18, 0x84, 0x18, 0xFC, 0x3E, 0xFC, 0x3A, 0x00, 0x78, 0x58, 0x58, 0xCC,
    0x19, 0x86, 0x1B, 0x06, 0x1B, 0x00, 0x00, 0x00
    },
    {
    0x00, 0x00, 0x0E, 0x60, 0x3E, 0xFE, 0x38, 0x8C, 0x09, 0xCC, 0x7E, 0x78,
    0x7E, 0x70, 0x19, 0xF0, 0x3E, 0x7E, 0x3A, 0xC6, 0x69, 0xE6, 0x48, 0x3C,
    0x18, 0x38, 0x19, 0xF0, 0x19, 0xC0, 0x00, 0x00
    },
    {
    0x00, 0x00, 0x1C, 0xFC, 0x7D, 0xFC, 0x19, 0x84, 0x19, 0x84, 0x7E, 0xFC,
    0x18, 0x00, 0x19, 0xFE, 0x3F, 0xFE, 0x3E, 0x20, 0x68, 0xFC, 0x58, 0xFC,
    0x18, 0x20, 0x19, 0xFE, 0x19, 0xFE, 0x00, 0x00
    },
    {
    0x00, 0x00, 0x0C, 0xC0, 0x7D, 0xF8, 0x13, 0x18, 0x13, 0xFC, 0x7D, 0xFE,
    0x7C, 0x06, 0x19, 0xFE, 0x3C, 0x06, 0x73, 0xFE, 0x50, 0x20, 0x13, 0xB4,
    0x12, 0x8E, 0x16, 0xFA, 0x10, 0xF0, 0x00, 0x00
    },
    {
    0x01, 0x00, 0x01, 0x80, 0x3F, 0xFC, 0x7F, 0xFC, 0x66, 0x44, 0x0C, 0x40,
    0x18, 0x78, 0x33, 0x38, 0x03, 0x00, 0x3F, 0xE0, 0x02, 0x20, 0x06, 0x20,
    0x04, 0x26, 0x18, 0x26, 0x30, 0x3C, 0x00, 0x00
    },
    {
    0x00, 0x00, 0x01, 0x80, 0x01, 0x80, 0x7F, 0xFE, 0x60, 0x66, 0x66, 0x64,
    0x0C, 0x60, 0x38, 0x7C, 0x30, 0x38, 0x0F, 0xF0, 0x0F, 0xF8, 0x01, 0x80,
    0x01, 0x80, 0x01, 0x80, 0x7F, 0xFE, 0x00, 0x00
    },
    {
    0x01, 0x80, 0x01, 0x80, 0x7F, 0xFE, 0x66, 0x66, 0x7C, 0x7E, 0x10, 0x00,
    0x3F, 0xFC, 0x08, 0x20, 0x18, 0x20, 0x3F, 0xFE, 0x01, 0xE0, 0x03, 0x20,
    0x0E, 0x20, 0x38, 0xE0, 0x20, 0xE0, 0x00, 0x00
    },
    {
    0x00, 0x80, 0x01, 0x80, 0x3F, 0xFE, 0x22, 0x66, 0x26, 0x66, 0x1C, 0x7C,
    0x39, 0xB8, 0x01, 0xB0, 0x01, 0xB0, 0x7F, 0xFE, 0x03, 0xC0, 0x02, 0x60,
    0x0E, 0x30, 0x38, 0x1E, 0x30, 0x0C, 0x00, 0x00
    },
    {
    0x01, 0x00, 0x01, 0x80, 0x7F, 0xFE, 0x66, 0x66, 0x0C, 0x64, 0x38, 0x78,
    0x03, 0x00, 0x07, 0xFC, 0x0F, 0x00, 0x3B, 0xF8, 0x23, 0xF8, 0x03, 0x00,
    0x03, 0xFC, 0x03, 0x00, 0x03, 0x00, 0x03, 0x00
    },
    {
    0x01, 0x00, 0x01, 0x80, 0x3F, 0xFC, 0x7F, 0xFE, 0x6C, 0x66, 0x39, 0x78,
    0x3F, 0xF8, 0x1F, 0xFC, 0x13, 0xE8, 0x17, 0xE8, 0x1F, 0x48, 0x11, 0xC8,
    0x17, 0xE8, 0x1F, 0xF8, 0x30, 0x08, 0x10, 0x00
    },
    {
    0x00, 0x00, 0x01, 0x80, 0x01, 0x80, 0x00, 0x80, 0x3F, 0xFC, 0x3F, 0xFC,
    0x00, 0x10, 0x0C, 0x30, 0x0C, 0x30, 0x04, 0x20, 0x06, 0x60, 0x06, 0x60,
    0x00, 0x40, 0x7F, 0xFE, 0x7F, 0xFE, 0x00, 0x00
    },
    {
    0x00, 0x20, 0x08, 0x30, 0x0C, 0x20, 0x00, 0x3E, 0x7F, 0x3E, 0x00, 0x20,
    0x26, 0x20, 0x36, 0x20, 0x34, 0xFC, 0x34, 0x84, 0x2C, 0x84, 0x0F, 0x84,
    0x7F, 0xFC, 0x7C, 0xFC, 0x00, 0x84, 0x00, 0x00
    },
    {
    0x00, 0x00, 0x01, 0x80, 0x3F, 0xFC, 0x04, 0x20, 0x04, 0x60, 0x7F, 0xFE,
    0x00, 0x00, 0x1F, 0xF8, 0x1F, 0xF8, 0x1F, 0xF8, 0x1F, 0xF8, 0x1F, 0xF8,
    0x06, 0x44, 0x0C, 0x46, 0x78, 0x7C, 0x20, 0x00
    },
    {
    0x00, 0x00, 0x00, 0x20, 0x31, 0x24, 0x11, 0x24, 0x7D, 0xFC, 0x7D, 0xFC,
    0x01, 0xFE, 0x6D, 0xFE, 0x68, 0x60, 0x2B, 0xFE, 0x3B, 0x56, 0x1B, 0x56,
    0x3F, 0x56, 0x73, 0x56, 0x03, 0x0E, 0x00, 0x00
    },
    {
    0x08, 0x30, 0x18, 0x60, 0x1F, 0x7E, 0x34, 0xD8, 0x64, 0x98, 0x00, 0x10,
    0x1F, 0xF8, 0x01, 0x80, 0x01, 0x80, 0x3F, 0xFE, 0x01, 0x80, 0x03, 0x40,
    0x06, 0x78, 0x3C, 0x1E, 0x30, 0x04, 0x00, 0x00
    },
    {
    0x00, 0x00, 0x18, 0x30, 0x1F, 0x7E, 0x3F, 0x7E, 0x24, 0xC8, 0x04, 0xF8,
    0x3F, 0xF8, 0x13, 0x00, 0x3F, 0xF8, 0x3F, 0xF8, 0x7F, 0xFC, 0x7F, 0xFC,
    0x03, 0x00, 0x03, 0x06, 0x01, 0xFC, 0x00, 0x00
    },
    {
    0x00, 0x00, 0x18, 0x30, 0x1F, 0x7E, 0x3F, 0x7E, 0x64, 0xD8, 0x4C, 0x08,
    0x08, 0x18, 0x1B, 0xFE, 0x3B, 0xFE, 0x78, 0x18, 0x79, 0x98, 0x18, 0xD8,
    0x18, 0x18, 0x18, 0x18, 0x18, 0x38, 0x08, 0x20
    },
    {
    0x08, 0x00, 0x18, 0x30, 0x1F, 0x7E, 0x34, 0xD8, 0x64, 0xC8, 0x3F, 0xFC,
    0x00, 0x8C, 0x1F, 0xFC, 0x1F, 0xF8, 0x3F, 0xFE, 0x1F, 0xFE, 0x07, 0x86,
    0x1C, 0x9E, 0x78, 0x9C, 0x20, 0x80, 0x00, 0x00
    },
    {
    0x00, 0x00, 0x08, 0x20, 0x1F, 0x7E, 0x3F, 0xFE, 0x26, 0x98, 0x24, 0x88,
    0x1F, 0xF8, 0x1F, 0xF8, 0x7F, 0xFE, 0x7F, 0xFE, 0x00, 0x30, 0x3F, 0xFC,
    0x04, 0x30, 0x06, 0x30, 0x00, 0x70, 0x00, 0x60
    },
    {
    0x00, 0x30, 0x18, 0x30, 0x1F, 0xFE, 0x34, 0x58, 0x67, 0x88, 0x01, 0xC0,
    0x07, 0x60, 0x0C, 0x38, 0x7F, 0xEE, 0x60, 0x00, 0x0F, 0xF8, 0x08, 0x18,
    0x08, 0x18, 0x0F, 0xF8, 0x08, 0x18, 0x00, 0x00
    },
    {
    0x00, 0x00, 0x18, 0x60, 0x1F, 0x7E, 0x3F, 0xFE, 0x64, 0x90, 0x01, 0x80,
    0x7F, 0xFE, 0x01, 0x80, 0x1F, 0xF8, 0x11, 0x88, 0x13, 0x98, 0x17, 0xF8,
    0x0D, 0xB0, 0x39, 0xBE, 0x61, 0x8E, 0x01, 0x00
    },
    {
    0x00, 0x00, 0x08, 0x20, 0x1F, 0x7E, 0x3F, 0xFE, 0x64, 0x98, 0x03, 0x88,
    0x06, 0x60, 0x0E, 0x78, 0x3F, 0xFE, 0x61, 0x00, 0x09, 0xB0, 0x0D, 0xB0,
    0x00, 0x20, 0x3F, 0xFC, 0x3F, 0xFC, 0x00, 0x00
    },
    {
    0x08, 0x20, 0x18, 0x60, 0x3F, 0xFE, 0x24, 0x98, 0x1F, 0xF8, 0x1F, 0xF8,
    0x1F, 0xF8, 0x1F, 0xF8, 0x1F, 0xF8, 0x1F, 0xF8, 0x0F, 0xF0, 0x7F, 0xFE,
    0x7F, 0xFE, 0x0C, 0x30, 0x38, 0x30, 0x20, 0x00
    },
    {
    0x01, 0x80, 0x19, 0x98, 0x1D, 0xB0, 0x09, 0xA0, 0x7F, 0xFE, 0x07, 0xE0,
    0x05, 0xB0, 0x1D, 0x9E, 0x39, 0x84, 0x21, 0x80, 0x7F, 0xFE, 0x03, 0x40,
    0x06, 0x60, 0x3C, 0x3E, 0x30, 0x0E, 0x00, 0x00
    },
    {
    0x00, 0x20, 0x18, 0x30, 0x1A, 0xFC, 0x7F, 0xFC, 0x7D, 0x84, 0x19, 0xFC,
    0x7F, 0x84, 0x19, 0xFC, 0x1D, 0xFC, 0x3F, 0xB4, 0x7B, 0x9E, 0x59, 0x98,
    0x19, 0xEC, 0x19, 0xC6, 0x19, 0x00, 0x00, 0x00
    },
    {
    0x00, 0x00, 0x18, 0x30, 0x19, 0xFE, 0x7E, 0xFE, 0x7E, 0xFC, 0x18, 0xFC,
    0x7D, 0xFE, 0x7D, 0xFE, 0x18, 0xFC, 0x3F, 0x84, 0x7B, 0xFC, 0x59, 0x84,
    0x59, 0xFC, 0x19, 0x84, 0x19, 0x8C, 0x08, 0x08
    },
    {
    0x08, 0x80, 0x08, 0x9E, 0x2E, 0x92, 0x2C, 0x92, 0x2F, 0xF2, 0x3C, 0x9E,
    0x18, 0x92, 0x19, 0xD2, 0x3D, 0x5E, 0x3F, 0x52, 0x69, 0xD2, 0x09, 0x72,
    0x08, 0x22, 0x08, 0x66, 0x08, 0x44, 0x00, 0x00
    },
    {
    0x00, 0x80, 0x01, 0x80, 0x3F, 0xFC, 0x01, 0x80, 0x1F, 0xF8, 0x01, 0x80,
    0x7F, 0xFE, 0x03, 0x30, 0x1F, 0xE0, 0x1F, 0x98, 0x07, 0xFC, 0x1F, 0xEC,
    0x0D, 0xB8, 0x39, 0x9C, 0x21, 0x80, 0x00, 0x80
    },
    {
    0x00, 0x80, 0x01, 0x80, 0x3F, 0xFC, 0x01, 0x80, 0x3F, 0xFC, 0x7F, 0xFE,
    0x63, 0x06, 0x26, 0x70, 0x1F, 0xE0, 0x03, 0x90, 0x3F, 0xFC, 0x3F, 0xEC,
    0x09, 0x90, 0x39, 0x9C, 0x21, 0x84, 0x01, 0x80
    },
    {
    0x0C, 0x00, 0x6F, 0xFC, 0x6D, 0x98, 0x6C, 0xF0, 0x6C, 0xF0, 0x6D, 0xDE,
    0x06, 0x04, 0x0C, 0xE0, 0x1F, 0xE0, 0x0E, 0x70, 0x3F, 0xF8, 0x11, 0x00,
    0x19, 0x70, 0x79, 0x1C, 0x67, 0x00, 0x00, 0x00
    },
    {
    0x00, 0x00, 0x3F, 0xFC, 0x31, 0x8C, 0x3F, 0xFC, 0x31, 0x8C, 0x3F, 0xFC,
    0x1F, 0xFC, 0x1F, 0xF0, 0x3F, 0xC0, 0x0E, 0x18, 0x3F, 0xFC, 0x29, 0x86,
    0x1D, 0xB8, 0x31, 0x8E, 0x21, 0x80, 0x00, 0x00
    },
    {
    0x00, 0x00, 0x18, 0x60, 0x18, 0x60, 0x32, 0x7C, 0x26, 0xFE, 0x7C, 0x86,
    0x3D, 0x86, 0x19, 0x66, 0x10, 0x66, 0x3E, 0x36, 0x20, 0x06, 0x02, 0x04,
    0x7E, 0x04, 0x70, 0x1C, 0x00, 0x18, 0x00, 0x00
    },
    {
    0x00, 0x00, 0x1B, 0xFC, 0x13, 0xF8, 0x30, 0x98, 0x26, 0x98, 0x7D, 0x9C,
    0x79, 0x9E, 0x19, 0xC4, 0x31, 0xEC, 0x7D, 0xEC, 0x21, 0x38, 0x03, 0x38,
    0x7F, 0x38, 0x76, 0x7E, 0x05, 0xC6, 0x00, 0x00
    },
    {
    0x00, 0x00, 0x18, 0x60, 0x30, 0x60, 0x33, 0xFE, 0x27, 0xFE, 0x6C, 0x60,
    0x7B, 0x6C, 0x1B, 0x6C, 0x33, 0x6C, 0x33, 0xFC, 0x7F, 0xFC, 0x00, 0x64,
    0x04, 0x60, 0x7C, 0x66, 0x60, 0x7E, 0x00, 0x3C
    },
    {
    0x00, 0x10, 0x18, 0x30, 0x18, 0x30, 0x31, 0xFE, 0x27, 0xFE, 0x7D, 0xB6,
    0x7D, 0xB6, 0x19, 0xB6, 0x11, 0xFE, 0x3F, 0xEE, 0x7D, 0xCE, 0x01, 0x86,
    0x3D, 0x86, 0x7D, 0x8E, 0x01, 0x8C, 0x00, 0x00
    },
    {
    0x00, 0x00, 0x11, 0x98, 0x31, 0x98, 0x21, 0x98, 0x6D, 0x98, 0x7D, 0x98,
    0x59, 0x98, 0x11, 0x98, 0x21, 0xD8, 0x7D, 0x78, 0x03, 0x3C, 0x1F, 0x24,
    0x7E, 0x66, 0x04, 0xC2, 0x00, 0x00, 0x00, 0x00
    },
    {
    0x00, 0x00, 0x18, 0x1C, 0x31, 0xFC, 0x31, 0x30, 0x67, 0x30, 0x7D, 0x30,
    0x79, 0xFC, 0x11, 0xFE, 0x31, 0x30, 0x7D, 0x30, 0x01, 0x10, 0x01, 0xD8,
    0x7D, 0xCE, 0x73, 0x8E, 0x01, 0x04, 0x00, 0x00
    },
    {
    0x00, 0x00, 0x18, 0x60, 0x10, 0x20, 0x31, 0xFE, 0x27, 0xFE, 0x6C, 0x18,
    0x79, 0x98, 0x19, 0x98, 0x30, 0x90, 0x7C, 0xF0, 0x20, 0x60, 0x00, 0x60,
    0x7C, 0xF8, 0x67, 0x9E, 0x06, 0x06, 0x00, 0x00
    },
    {
    0x00, 0x40, 0x18, 0xD0, 0x10, 0xD8, 0x34, 0xCC, 0x26, 0xFC, 0x7F, 0xC0,
    0x78, 0xCE, 0x19, 0xFE, 0x33, 0xE0, 0x7C, 0x4C, 0x78, 0x78, 0x00, 0x70,
    0x7C, 0xF2, 0x73, 0x9E, 0x03, 0x0E, 0x00, 0x00
    },
    {
    0x00, 0x00, 0x19, 0xFC, 0x19, 0xFC, 0x35, 0x8C, 0x27, 0x8C, 0x6D, 0xFC,
    0x79, 0xFC, 0x19, 0x8C, 0x31, 0x8C, 0x7D, 0xFC, 0x7D, 0xFC, 0x01, 0x8C,
    0x3D, 0x8C, 0x7B, 0xFE, 0x03, 0xFE, 0x00, 0x00
    },
    {
    0x00, 0x00, 0x18, 0x00, 0x19, 0xFE, 0x11, 0xB6, 0x37, 0xB6, 0x7D, 0xB6,
    0x3D, 0xB6, 0x09, 0xFE, 0x19, 0xB6, 0x3F, 0xB6, 0x31, 0xB6, 0x01, 0xB6,
    0x3F, 0xFE, 0x71, 0xFE, 0x01, 0x82, 0x00, 0x00
    },
    {
    0x00, 0x00, 0x18, 0x60, 0x18, 0xFC, 0x36, 0xFC, 0x25, 0xC8, 0x7D, 0x78,
    0x7B, 0x70, 0x18, 0x78, 0x31, 0xDE, 0x3D, 0x66, 0x30, 0x78, 0x00, 0x18,
    0x7C, 0xE0, 0x70, 0x70, 0x00, 0x18, 0x00, 0x00
    },
    {
    0x00, 0x00, 0x18, 0x00, 0x19, 0xFC, 0x30, 0x18, 0x26, 0x30, 0x6C, 0x78,
    0x7C, 0xCE, 0x1B, 0x86, 0x11, 0x00, 0x7D, 0xFC, 0x7C, 0x30, 0x00, 0x30,
    0x3C, 0x30, 0x7F, 0xFE, 0x01, 0xFE, 0x00, 0x00
    },
    {
    0x00, 0x00, 0x18, 0x20, 0x18, 0x20, 0x11, 0xFE, 0x37, 0xFE, 0x26, 0x20,
    0x7C, 0x20, 0x79, 0xFC, 0x18, 0x00, 0x30, 0xFC, 0x7F, 0xFC, 0x21, 0x84,
    0x05, 0x8C, 0x7D, 0xFC, 0x61, 0x8C, 0x01, 0x00
    },
    {
    0x00, 0x00, 0x18, 0xC4, 0x10, 0xFC, 0x31, 0xE8, 0x24, 0x5C, 0x6C, 0x70,
    0x79, 0xF6, 0x1B, 0x9E, 0x30, 0x00, 0x7B, 0xFE, 0x78, 0xB0, 0x00, 0xB0,
    0x7D, 0xB2, 0x73, 0x3E, 0x06, 0x1C, 0x00, 0x00
    },
    {
    0x00, 0x00, 0x18, 0x60, 0x18, 0x70, 0x30, 0xD8, 0x24, 0x9C, 0x6D, 0x8E,
    0x7B, 0xFE, 0x1A, 0x00, 0x10, 0x00, 0x33, 0xFC, 0x7C, 0x60, 0x00, 0xD8,
    0x1C, 0x88, 0x7D, 0xFC, 0x01, 0xEC, 0x00, 0x00
    },
    {
    0x00, 0x00, 0x18, 0x60, 0x30, 0xF0, 0x34, 0xD0, 0x6D, 0x98, 0x7F, 0x0E,
    0x7B, 0xFE, 0x10, 0x00, 0x30, 0x00, 0x7D, 0xFC, 0x79, 0x8C, 0x01, 0x8C,
    0x1D, 0x8C, 0x7D, 0xFC, 0x41, 0x8C, 0x00, 0x00
    },
    {
    0x00, 0x00, 0x18, 0xC0, 0x18, 0xF8, 0x31, 0xF8, 0x21, 0x10, 0x6D, 0xFC,
    0x79, 0xFC, 0x19, 0x24, 0x31, 0x24, 0x7D, 0xFC, 0x7D, 0xDC, 0x01, 0x00,
    0x3D, 0x02, 0x7D, 0x86, 0x01, 0xFC, 0x00, 0x00
    },
    {
    0x00, 0x20, 0x18, 0x20, 0x30, 0x30, 0x33, 0xFE, 0x26, 0x60, 0x7C, 0xC8,
    0x79, 0x8C, 0x13, 0xFE, 0x30, 0xD0, 0x7C, 0x90, 0x7C, 0x90, 0x00, 0xB0,
    0x7D, 0xB2, 0x63, 0x3E, 0x02, 0x1C, 0x00, 0x00
    },
    {
    0x00, 0x00, 0x10, 0x10, 0x18, 0x30, 0x33, 0xD6, 0x23, 0xFC, 0x6F, 0x30,
    0x7B, 0xFE, 0x1B, 0xFE, 0x13, 0x30, 0x23, 0x7C, 0x7B, 0x76, 0x03, 0xD0,
    0x0B, 0x30, 0x7B, 0x00, 0x43, 0xFE, 0x00, 0x00
    },
    {
    0x00, 0x40, 0x18, 0x40, 0x19, 0xF4, 0x35, 0xFC, 0x2C, 0x58, 0x7F, 0xFE,
    0x7B, 0xFE, 0x18, 0x60, 0x31, 0xFC, 0x3F, 0x8C, 0x73, 0xFC, 0x01, 0xFC,
    0x7D, 0x8C, 0x71, 0xFC, 0x01, 0x8C, 0x00, 0x00
    },
    {
    0x00, 0x00, 0x18, 0x30, 0x11, 0xFE, 0x31, 0xFE, 0x27, 0xFE, 0x7D, 0xFE,
    0x78, 0xB4, 0x10, 0xF4, 0x31, 0x30, 0x7D, 0xB0, 0x23, 0xFE, 0x01, 0x7E,
    0x7C, 0x78, 0x73, 0xCE, 0x03, 0x06, 0x00, 0x00
    },
    {
    0x00, 0x00, 0x19, 0xFC, 0x31, 0x0C, 0x25, 0xFC, 0x6D, 0xF8, 0x7B, 0xFC,
    0x1B, 0xFE, 0x33, 0x66, 0x33, 0xFE, 0x7B, 0x66, 0x03, 0xFE, 0x03, 0xFC,
    0x7A, 0x62, 0x60, 0x7E, 0x00, 0x3C, 0x00, 0x00
    },
    {
    0x00, 0x00, 0x18, 0xF0, 0x11, 0x90, 0x31, 0xFE, 0x27, 0xFE, 0x7F, 0x30,
    0x7F, 0xFC, 0x19, 0xFC, 0x11, 0x30, 0x3D, 0xFC, 0x3D, 0xFC, 0x01, 0x30,
    0x1F, 0xB0, 0x7D, 0xFE, 0x21, 0x80, 0x00, 0x00
    },
    {
    0x00, 0x00, 0x13, 0xDE, 0x32, 0x52, 0x32, 0x52, 0x2E, 0x52, 0x7B, 0xDE,
    0x7A, 0x52, 0x12, 0x52, 0x33, 0xDE, 0x7B, 0xDE, 0x02, 0x52, 0x0E, 0x72,
    0x7E, 0xF2, 0x45, 0xE6, 0x04, 0x04, 0x00, 0x00
    },
    {
    0x00, 0x00, 0x32, 0xD8, 0x32, 0xDE, 0x22, 0xFE, 0x6E, 0xE8, 0x7A, 0xCC,
    0x18, 0xC0, 0x31, 0xFC, 0x31, 0x6C, 0x7D, 0x6C, 0x03, 0x6C, 0x0D, 0x74,
    0x7C, 0xF2, 0x63, 0xB6, 0x06, 0x1E, 0x00, 0x00
    },
    {
    0x00, 0x00, 0x11, 0xFC, 0x1B, 0xE0, 0x31, 0x6C, 0x25, 0x28, 0x7D, 0xFC,
    0x79, 0xFC, 0x13, 0xFE, 0x33, 0xFE, 0x78, 0xF8, 0x01, 0xFC, 0x1D, 0xC8,
    0x7F, 0x70, 0x06, 0xFE, 0x00, 0xCE, 0x00, 0x00
    },
    {
    0x00, 0x20, 0x18, 0x20, 0x19, 0xFC, 0x11, 0xFE, 0x37, 0x06, 0x6D, 0xFE,
    0x79, 0x00, 0x1B, 0xFE, 0x33, 0x7A, 0x3F, 0x6A, 0x73, 0xFE, 0x07, 0xFE,
    0x3D, 0x6A, 0x71, 0x6A, 0x01, 0x86, 0x00, 0x00
    },
    {
    0x00, 0x00, 0x1B, 0x60, 0x33, 0x7C, 0x31, 0xEC, 0x6C, 0xB8, 0x7C, 0x7E,
    0x1F, 0xF6, 0x13, 0x7C, 0x33, 0x30, 0x7B, 0x7C, 0x03, 0x30, 0x0B, 0xFC,
    0x7B, 0x10, 0x67, 0xFE, 0x00, 0x7C, 0x00, 0x00
    },
    {
    0x00, 0x00, 0x30, 0x60, 0x20, 0x20, 0x7E, 0xFC, 0x68, 0xFC, 0x08, 0x2C,
    0x7E, 0x6C, 0x7F, 0x6C, 0x09, 0xFE, 0x6A, 0x60, 0x6A, 0x70, 0x7E, 0xD8,
    0x7F, 0x8C, 0x03, 0x8E, 0x02, 0x00, 0x00, 0x00
    },
    {
    0x00, 0x00, 0x1F, 0xFC, 0x3F, 0xFC, 0x3F, 0xFC, 0x1F, 0xFC, 0x7F, 0xFE,
    0x7F, 0xFE, 0x1F, 0xF8, 0x1F, 0xF8, 0x1F, 0xF8, 0x1F, 0xF8, 0x1F, 0xF8,
    0x1F, 0xF8, 0x7F, 0xFE, 0x7F, 0xFE, 0x00, 0x00
    },
    {
    0x00, 0x00, 0x0F, 0x6C, 0x3F, 0xFE, 0x0F, 0x36, 0x3E, 0x3E, 0x3F, 0xFE,
    0x1E, 0x7E, 0x35, 0xB6, 0x7F, 0x36, 0x3F, 0x7E, 0x35, 0xF6, 0x3F, 0x36,
    0x3D, 0x36, 0x3F, 0x66, 0x30, 0x06, 0x00, 0x00
    },
    {
    0x03, 0x00, 0x03, 0x08, 0x1F, 0xEC, 0x03, 0x18, 0x03, 0x30, 0x03, 0x60,
    0x7F, 0xFE, 0x01, 0x80, 0x07, 0x18, 0x0E, 0x78, 0x7F, 0xE0, 0x66, 0x04,
    0x06, 0x0C, 0x07, 0xFC, 0x00, 0x00, 0x00, 0x00
    },
    {
    0x01, 0x00, 0x01, 0x08, 0x1F, 0xFC, 0x01, 0x38, 0x01, 0x30, 0x7F, 0xFF,
    0x01, 0x80, 0x03, 0x00, 0x0F, 0xFC, 0x1D, 0x80, 0x73, 0xF8, 0x41, 0xF8,
    0x00, 0x18, 0x00, 0xF0, 0x00, 0xF0, 0x00, 0x40
    },
    {
    0x01, 0x00, 0x01, 0x80, 0x1F, 0xEC, 0x1F, 0xFC, 0x01, 0x10, 0x7F, 0xFE,
    0x7F, 0xFE, 0x01, 0x80, 0x07, 0xF8, 0x1F, 0xF8, 0x7F, 0xF8, 0x0F, 0xF8,
    0x0C, 0x18, 0x0F, 0xF8, 0x0C, 0x18, 0x00, 0x00
    },
    {
    0x00, 0x00, 0x7F, 0xFE, 0x01, 0x80, 0x01, 0x80, 0x3F, 0xFC, 0x3F, 0xFC,
    0x32, 0x4C, 0x36, 0x4C, 0x36, 0x4C, 0x36, 0x4C, 0x36, 0x4C, 0x36, 0x4C,
    0x36, 0x5C, 0x30, 0x18, 0x00, 0x00, 0x00, 0x00
    },
    {
    0x08, 0x00, 0x08, 0x1C, 0x1E, 0xFC, 0x7C, 0xA0, 0x08, 0x34, 0x7E, 0xFC,
    0x08, 0xF0, 0x7E, 0x20, 0x7E, 0x7E, 0x19, 0xFC, 0x3E, 0x20, 0x3A, 0x20,
    0x68, 0x22, 0x48, 0x36, 0x08, 0x3E, 0x08, 0x00
    },
    {
    0x00, 0x00, 0x18, 0xFC, 0x1F, 0xFC, 0x7D, 0xFC, 0x19, 0xFC, 0x3D, 0xB4,
    0x3D, 0xFC, 0x7F, 0xB0, 0x7F, 0xFE, 0x19, 0xB6, 0x3F, 0x3E, 0x7B, 0xFE,
    0x59, 0xC6, 0x19, 0x06, 0x18, 0x04, 0x00, 0x00
    },
    {
    0x00, 0x00, 0x7F, 0xFE, 0x0C, 0x30, 0x0C, 0x30, 0x0F, 0xF0, 0x0C, 0x30,
    0x08, 0x10, 0x0F, 0xF0, 0x0F, 0xF0, 0x08, 0x10, 0x7F, 0xFE, 0x7F, 0xFC,
    0x00, 0x30, 0x00, 0x30, 0x00, 0x10, 0x00, 0x00
    },
    {
    0x00, 0x20, 0x00, 0x60, 0x7E, 0x70, 0x24, 0xD8, 0x24, 0xC8, 0x3D, 0xAE,
    0x27, 0x36, 0x26, 0x00, 0x3D, 0xFC, 0x24, 0x0C, 0x24, 0x18, 0x7C, 0x70,
    0x64, 0x70, 0x04, 0x30, 0x04, 0x10, 0x00, 0x00
    },
    {
    0x00, 0x60, 0x7F, 0xDE, 0x25, 0x1A, 0x25, 0x7A, 0x3D, 0x7A, 0x25, 0x7A,
    0x25, 0x7A, 0x25, 0x7A, 0x3D, 0x5A, 0x25, 0xDA, 0x25, 0x5E, 0x7C, 0xDE,
    0x74, 0xD8, 0x05, 0x98, 0x04, 0x18, 0x00, 0x00
    },
    {
    0x00, 0x00, 0x7F, 0xFC, 0x26, 0xCC, 0x26, 0xC4, 0x3E, 0xC4, 0x3E, 0xCC,
    0x26, 0xC4, 0x36, 0xFC, 0x3E, 0xFC, 0x26, 0x00, 0x7F, 0x68, 0x7E, 0xCC,
    0x06, 0xC6, 0x07, 0x86, 0x04, 0x00, 0x00, 0x00
    },
    {
    0x00, 0x00, 0x7E, 0xCC, 0x7E, 0x48, 0x26, 0x18, 0x27, 0xFE, 0x3E, 0x30,
    0x26, 0x20, 0x26, 0x30, 0x3F, 0xFE, 0x26, 0x20, 0x26, 0x70, 0x7E, 0x78,
    0x76, 0xCC, 0x07, 0x86, 0x07, 0x80, 0x00, 0x00
    },
    {
    0x01, 0x80, 0x01, 0x80, 0x01, 0x80, 0x3F, 0xFC, 0x31, 0x8C, 0x33, 0xCC,
    0x36, 0x6C, 0x3C, 0xBC, 0x31, 0x8C, 0x33, 0x8C, 0x33, 0xCC, 0x36, 0x6C,
    0x34, 0x0C, 0x30, 0x0C, 0x30, 0x1C, 0x00, 0x10
    },
    {
    0x00, 0x40, 0x02, 0x40, 0x3E, 0x7C, 0x3E, 0x70, 0x06, 0x42, 0x7E, 0x7E,
    0x62, 0x3C, 0x0F, 0xF0, 0x1F, 0xF8, 0x1F, 0xF8, 0x1F, 0xF8, 0x1F, 0xF8,
    0x1F, 0xF8, 0x18, 0x18, 0x18, 0x38, 0x00, 0x20
    },
    {
    0x00, 0x30, 0x3E, 0xB0, 0x26, 0xB0, 0x27, 0xB0, 0x27, 0xFE, 0x3F, 0xB0,
    0x26, 0x30, 0x26, 0x30, 0x3E, 0xFE, 0x26, 0x30, 0x26, 0x30, 0x66, 0x30,
    0x66, 0x30, 0x4F, 0xFE, 0x0C, 0x00, 0x00, 0x00
    },
    {
    0x00, 0x00, 0x08, 0x60, 0x18, 0x4C, 0x32, 0x7C, 0x3F, 0x60, 0x79, 0x66,
    0x3E, 0x7C, 0x3F, 0x40, 0x23, 0x40, 0x3F, 0x4C, 0x23, 0x78, 0x3F, 0x60,
    0x23, 0x46, 0x27, 0x7E, 0x26, 0x38, 0x00, 0x00
    },
    {
    0x00, 0x20, 0x00, 0x30, 0x3C, 0x30, 0x25, 0xFE, 0x25, 0x80, 0x3D, 0x98,
    0x25, 0x98, 0x25, 0xBE, 0x3D, 0xBE, 0x3D, 0x98, 0x25, 0x98, 0x65, 0x18,
    0x67, 0x18, 0x4F, 0xFE, 0x48, 0x00, 0x00, 0x00
    },
    {
    0x00, 0x00, 0x3C, 0x9E, 0x3C, 0x9E, 0x27, 0xF2, 0x27, 0xF2, 0x3C, 0x92,
    0x24, 0x92, 0x27, 0xF2, 0x3D, 0x92, 0x3D, 0x92, 0x25, 0x52, 0x25, 0x76,
    0x67, 0xF6, 0x6C, 0x10, 0x08, 0x10, 0x00, 0x00
    },
    {
    0x00, 0x00, 0x03, 0x00, 0x03, 0x00, 0x1F, 0xF8, 0x10, 0x08, 0x10, 0x08,
    0x1F, 0xF8, 0x10, 0x08, 0x10, 0x08, 0x1F, 0xF8, 0x10, 0x08, 0x10, 0x08,
    0x1F, 0xF8, 0x1F, 0xF8, 0x10, 0x08, 0x00, 0x00
    },
    {
    0x00, 0x00, 0x3F, 0xFC, 0x3F, 0xFC, 0x03, 0x00, 0x06, 0x20, 0x0C, 0x30,
    0x3F, 0xFC, 0x01, 0x88, 0x01, 0x80, 0x1F, 0xF8, 0x1F, 0xF8, 0x01, 0x80,
    0x7F, 0xFE, 0x7F, 0xFE, 0x00, 0x00, 0x00, 0x00
    },
    {
    0x00, 0x00, 0x7F, 0x60, 0x7F, 0x60, 0x18, 0x7E, 0x32, 0x7E, 0x37, 0xC8,
    0x7F, 0xC8, 0x08, 0xC8, 0x18, 0x68, 0x7F, 0x78, 0x18, 0x30, 0x0B, 0x30,
    0x7F, 0x7C, 0x71, 0xCE, 0x01, 0x84, 0x00, 0x00
    },
    {
    0x02, 0x00, 0x06, 0x00, 0x0F, 0xF0, 0x18, 0x60, 0x70, 0x40, 0x7F, 0xF8,
    0x1F, 0xF8, 0x11, 0x88, 0x11, 0x88, 0x1F, 0xF8, 0x1F, 0xF8, 0x10, 0x00,
    0x10, 0x06, 0x1F, 0xFE, 0x0F, 0xF8, 0x00, 0x00
    },
    {
    0x00, 0x00, 0x06, 0x60, 0x06, 0x60, 0x7F, 0xFE, 0x06, 0x60, 0x04, 0x60,
    0x3F, 0xF8, 0x3F, 0xF8, 0x02, 0x08, 0x02, 0x18, 0x02, 0x18, 0x02, 0x18,
    0x02, 0x38, 0x02, 0x00, 0x02, 0x00, 0x02, 0x00
    },
    {
    0x04, 0x60, 0x04, 0x60, 0x7F, 0xFE, 0x7F, 0xFE, 0x04, 0x60, 0x04, 0xC0,
    0x0C, 0xCC, 0x18, 0xDC, 0x38, 0xD8, 0x78, 0xF0, 0x08, 0xE0, 0x08, 0xC0,
    0x08, 0xC6, 0x08, 0xFE, 0x18, 0x7C, 0x00, 0x00
    },
    {
    0x04, 0x20, 0x06, 0x20, 0x7F, 0xFE, 0x06, 0x20, 0x05, 0xA0, 0x01, 0x80,
    0x7F, 0xFE, 0x06, 0x00, 0x06, 0x00, 0x1F, 0xF8, 0x7C, 0x08, 0x64, 0x08,
    0x07, 0xF8, 0x07, 0xFC, 0x04, 0x08, 0x00, 0x00
    },
    {
    0x02, 0x40, 0x06, 0x60, 0x7F, 0xFE, 0x06, 0x60, 0x33, 0xF8, 0x1B, 0xF8,
    0x00, 0x70, 0x71, 0xC0, 0x33, 0xFC, 0x00, 0xB4, 0x19, 0xA4, 0x1B, 0x6C,
    0x36, 0xCC, 0x63, 0x9C, 0x22, 0x18, 0x00, 0x00
    },
    {
    0x00, 0x00, 0x06, 0x60, 0x7F, 0xFE, 0x7F, 0xFE, 0x04, 0x78, 0x3F, 0xF8,
    0x01, 0x10, 0x19, 0xB0, 0x09, 0xB0, 0x7F, 0xFE, 0x07, 0xC0, 0x0D, 0xA0,
    0x19, 0xBC, 0x71, 0x8C, 0x21, 0x80, 0x00, 0x00
    },
    {
    0x00, 0x00, 0x06, 0x60, 0x7F, 0xFE, 0x06, 0x60, 0x31, 0x80, 0x39, 0xF8,
    0x03, 0x98, 0x66, 0xF0, 0x31, 0xFC, 0x07, 0x1E, 0x17, 0xF8, 0x33, 0xF8,
    0x33, 0x18, 0x63, 0xF8, 0x23, 0x18, 0x00, 0x00
    },
    {
    0x04, 0x40, 0x06, 0x60, 0x7F, 0xFE, 0x06, 0x60, 0x05, 0x30, 0x3D, 0x30,
    0x3E, 0x7E, 0x3F, 0xCC, 0x6D, 0xEC, 0x6F, 0xA8, 0x7F, 0xB8, 0x7F, 0xB8,
    0x6D, 0xB8, 0x6D, 0xFE, 0x24, 0x46, 0x00, 0x00
    },
    {
    0x06, 0x60, 0x7F, 0xFE, 0x06, 0x60, 0x06, 0x58, 0x30, 0x40, 0x17, 0xFE,
    0x02, 0x60, 0x77, 0xFC, 0x06, 0x4C, 0x17, 0xFC, 0x30, 0x0C, 0x3F, 0xFE,
    0x23, 0x18, 0x63, 0x38, 0x00, 0x30, 0x00, 0x00
    },
    {
    0x00, 0x40, 0x7F, 0xFE, 0x7F, 0xFE, 0x00, 0x24, 0x2F, 0xFC, 0x2F, 0xFE,
    0x3F, 0xF4, 0x3F, 0xB4, 0x7F, 0xFC, 0x7E, 0x58, 0x3F, 0xD8, 0x7E, 0x98,
    0x77, 0xB8, 0x77, 0xEE, 0x10, 0x46, 0x00, 0x00
    },
    {
    0x00, 0x00, 0x01, 0x80, 0x01, 0xFC, 0x01, 0x80, 0x1F, 0xFE, 0x31, 0x86,
    0x37, 0xF4, 0x37, 0x80, 0x31, 0xFC, 0x30, 0xF8, 0x31, 0x20, 0x3D, 0x2C,
    0x25, 0x28, 0x61, 0x20, 0x6F, 0xFE, 0x00, 0x00
    },
    {
    0x00, 0x00, 0x1F, 0xF8, 0x18, 0x18, 0x18, 0x18, 0x1F, 0xF8, 0x01, 0x80,
    0x1F, 0xF8, 0x3F, 0xFC, 0x31, 0x8C, 0x3F, 0xFC, 0x3F, 0xF8, 0x01, 0x88,
    0x7F, 0xFC, 0x7F, 0xFE, 0x00, 0x00, 0x00, 0x00
    },
    {
    0x00, 0x00, 0x3F, 0xFC, 0x3F, 0xFC, 0x09, 0xF8, 0x19, 0xF8, 0x1F, 0x80,
    0x73, 0xFE, 0x41, 0x80, 0x1F, 0xF8, 0x3F, 0xF8, 0x1F, 0xF8, 0x1F, 0xF8,
    0x11, 0x98, 0x7F, 0xFC, 0x20, 0x04, 0x00, 0x00
    },
    {
    0x00, 0x00, 0x19, 0xFC, 0x19, 0xFC, 0x3D, 0xFC, 0x7F, 0xFC, 0x7F, 0xFC,
    0x7F, 0xFC, 0x7C, 0xC8, 0x7D, 0xF8, 0x7C, 0x64, 0x1F, 0xFE, 0x1E, 0x32,
    0x7E, 0xA8, 0x61, 0xAE, 0x03, 0x36, 0x00, 0x20
    },
    {
    0x00, 0x00, 0x0C, 0x00, 0x19, 0xFC, 0x30, 0x00, 0x60, 0x00, 0x0C, 0x00,
    0x19, 0xFE, 0x38, 0x18, 0x78, 0x18, 0x78, 0x18, 0x18, 0x18, 0x18, 0x18,
    0x18, 0x18, 0x18, 0x78, 0x18, 0x70, 0x00, 0x00
    },
    {
    0x00, 0x00, 0x1B, 0x00, 0x37, 0xDE, 0x64, 0xC0, 0x63, 0xE0, 0x1F, 0xFE,
    0x37, 0xFE, 0x37, 0xE4, 0x77, 0xE4, 0x33, 0xE4, 0x37, 0xF4, 0x37, 0xF4,
    0x33, 0xC4, 0x36, 0x6C, 0x30, 0x0C, 0x00, 0x00
    },
    {
    0x01, 0x00, 0x01, 0x00, 0x01, 0x80, 0x7F, 0xFE, 0x03, 0x80, 0x03, 0x80,
    0x06, 0x8C, 0x0C, 0xD8, 0x1C, 0x70, 0x3C, 0x60, 0x6C, 0x30, 0x0C, 0x98,
    0x0F, 0x8E, 0x0E, 0x06, 0x1C, 0x00, 0x00, 0x00
    },
    {
    0x00, 0x00, 0x18, 0x60, 0x08, 0x60, 0x7E, 0x60, 0x7E, 0x60, 0x0C, 0x70,
    0x08, 0x78, 0x1B, 0x6C, 0x3E, 0x66, 0x7E, 0x64, 0x5B, 0x60, 0x19, 0x60,
    0x18, 0x60, 0x18, 0x60, 0x18, 0x60, 0x00, 0x40
    },
    {
    0x00, 0x80, 0x01, 0x80, 0x3F, 0xFC, 0x3F, 0xFE, 0x01, 0x80, 0x1F, 0xFC,
    0x01, 0x80, 0x7F, 0xFE, 0x03, 0x00, 0x06, 0xCC, 0x1C, 0xF8, 0x7C, 0x60,
    0x64, 0xB0, 0x07, 0x9E, 0x0E, 0x04, 0x00, 0x00
    },
    {
    0x00, 0x30, 0x18, 0x30, 0x08, 0x30, 0x7D, 0xFE, 0x7D, 0xB6, 0x09, 0x34,
    0x19, 0xB0, 0x35, 0xFC, 0x79, 0xCC, 0x1D, 0x48, 0x15, 0x78, 0x13, 0x30,
    0x12, 0x78, 0x36, 0xCE, 0x14, 0x86, 0x00, 0x00
    },
    {
    0x00, 0x00, 0x0C, 0x68, 0x3F, 0x6C, 0x3F, 0x60, 0x0C, 0x62, 0x7F, 0xFE,
    0x04, 0x60, 0x7F, 0xEC, 0x3F, 0xEC, 0x0D, 0xB8, 0x1B, 0x38, 0x79, 0xB0,
    0x4C, 0xFA, 0x1C, 0xCE, 0x19, 0xCE, 0x00, 0x00
    },
    {
    0x00, 0x04, 0x3F, 0x8C, 0x3F, 0xA4, 0x0F, 0xA4, 0x1F, 0xA4, 0x7B, 0x34,
    0x0E, 0x2C, 0x1C, 0x0C, 0x71, 0x9E, 0x7F, 0xFE, 0x07, 0xC8, 0x0C, 0x78,
    0x7C, 0x30, 0x67, 0x1E, 0x0E, 0x0E, 0x00, 0x00
    },
    {
    0x00, 0x00, 0x19, 0xFC, 0x19, 0xFC, 0x7D, 0x24, 0x7D, 0xFC, 0x09, 0x24,
    0x19, 0xFC, 0x37, 0xFC, 0x7C, 0x20, 0x5B, 0xFE, 0x14, 0xF0, 0x10, 0xB8,
    0x11, 0x2E, 0x16, 0x26, 0x10, 0x20, 0x00, 0x00
    },
    {
    0x00, 0x00, 0x7F, 0xFE, 0x7F, 0xFE, 0x02, 0x40, 0x3F, 0xF8, 0x3F, 0xFC,
    0x32, 0x4C, 0x36, 0x4C, 0x36, 0x4C, 0x3C, 0x7C, 0x38, 0x0C, 0x30, 0x0C,
    0x3F, 0xFC, 0x30, 0x0C, 0x20, 0x00, 0x00, 0x00
    },
    {
    0x00, 0x00, 0x7F, 0xFE, 0x7F, 0xFE, 0x06, 0x40, 0x3F, 0xF8, 0x36, 0x48,
    0x36, 0xD8, 0x1F, 0xF8, 0x03, 0x00, 0x7F, 0xFE, 0x04, 0x30, 0x0F, 0x60,
    0x03, 0xE0, 0x3F, 0xFC, 0x3C, 0x0C, 0x00, 0x00
    },
    {
    0x00, 0x00, 0x3F, 0xFE, 0x02, 0x60, 0x3F, 0xFC, 0x37, 0x6C, 0x0D, 0x80,
    0x1B, 0xFC, 0x33, 0x0C, 0x6B, 0xFC, 0x1B, 0x0C, 0x71, 0xE8, 0x13, 0x98,
    0x12, 0xF8, 0x13, 0xFE, 0x13, 0x04, 0x00, 0x00
    },
    {
    0x00, 0x00, 0x1F, 0xF0, 0x1F, 0xF8, 0x18, 0x18, 0x19, 0x98, 0x19, 0x18,
    0x19, 0x18, 0x19, 0x18, 0x1B, 0xD8, 0x1B, 0xD8, 0x06, 0xC0, 0x0E, 0xC6,
    0x3C, 0xC6, 0x70, 0xFE, 0x00, 0x78, 0x00, 0x00
    },
    {
    0x00, 0x00, 0x18, 0x00, 0x09, 0xFC, 0x3F, 0x84, 0x3F, 0xB4, 0x09, 0xB4,
    0x19, 0xA4, 0x7F, 0xA4, 0x19, 0xA4, 0x19, 0xFE, 0x1C, 0x78, 0x36, 0xD8,
    0x31, 0xD2, 0x67, 0x9E, 0x06, 0x0C, 0x00, 0x00
    },
    {
    0x00, 0x00, 0x19, 0xF8, 0x19, 0xFC, 0x01, 0x0C, 0x7D, 0x2C, 0x09, 0x2C,
    0x19, 0x6C, 0x39, 0x6C, 0x7D, 0x6C, 0x55, 0x74, 0x10, 0x70, 0x10, 0xF0,
    0x11, 0xB3, 0x13, 0x3E, 0x12, 0x1C, 0x00, 0x00
    },
    {
    0x00, 0x40, 0x26, 0x40, 0x36, 0xFE, 0x36, 0xFC, 0x37, 0xB0, 0x37, 0x18,
    0x24, 0x08, 0x1F, 0xF0, 0x18, 0x10, 0x19, 0x10, 0x1B, 0x90, 0x1B, 0xD0,
    0x06, 0xC6, 0x3C, 0xFE, 0x70, 0x78, 0x00, 0x00
    },
    {
    0x00, 0x00, 0x11, 0x18, 0x19, 0xB0, 0x08, 0x20, 0x7F, 0xFE, 0x60, 0x06,
    0x6F, 0xF4, 0x1F, 0xF0, 0x18, 0x10, 0x1B, 0x10, 0x1B, 0x10, 0x0B, 0xD0,
    0x02, 0xC6, 0x0E, 0xC6, 0x78, 0xFC, 0x20, 0x00
    },
    {
    0x02, 0x00, 0x03, 0x00, 0x07, 0xF8, 0x0C, 0x30, 0x18, 0x60, 0x3F, 0xFE,
    0x28, 0xC6, 0x08, 0xC6, 0x0F, 0xFE, 0x08, 0xC6, 0x08, 0xC6, 0x1F, 0xFE,
    0x18, 0x06, 0x30, 0x06, 0x30, 0x1C, 0x00, 0x00
    },
    {
    0x00, 0x00, 0x18, 0x00, 0x1E, 0xFE, 0x3E, 0x26, 0x66, 0x26, 0x7F, 0x7C,
    0x2D, 0xC8, 0x3F, 0x58, 0x3F, 0x7E, 0x2D, 0xFE, 0x3F, 0x18, 0x21, 0xFE,
    0x21, 0x18, 0x63, 0x18, 0x42, 0x18, 0x00, 0x00
    },
    {
    0x00, 0x10, 0x18, 0x10, 0x3E, 0x10, 0x24, 0x10, 0x6C, 0xFE, 0x3F, 0xD6,
    0x2B, 0xD6, 0x3F, 0xD6, 0x3F, 0xFE, 0x2B, 0xFE, 0x3F, 0x10, 0x3F, 0x14,
    0x63, 0x1E, 0x63, 0xFE, 0x46, 0xC2, 0x00, 0x00
    },
    {
    0x01, 0x00, 0x01, 0x80, 0x7F, 0xFE, 0x7F, 0xFE, 0x00, 0x00, 0x1F, 0xF8,
    0x00, 0x00, 0x1F, 0xF8, 0x00, 0x00, 0x1F, 0xF0, 0x1F, 0xF8, 0x18, 0x18,
    0x1F, 0xF8, 0x1F, 0xF8, 0x18, 0x08, 0x00, 0x00
    },
    {
    0x00, 0x30, 0x30, 0x30, 0x18, 0x30, 0x18, 0x30, 0x00, 0x30, 0x73, 0xFE,
    0xF3, 0xFF, 0x10, 0x30, 0x10, 0x30, 0x10, 0x30, 0x10, 0x30, 0x1E, 0x30,
    0x1C, 0x30, 0x38, 0x30, 0x10, 0x30, 0x00, 0x30
    },
    {
    0x00, 0x20, 0x10, 0x60, 0x18, 0x60, 0x08, 0x60, 0x00, 0x60, 0x70, 0x60,
    0x70, 0x60, 0x10, 0x70, 0x10, 0x70, 0x12, 0xD0, 0x1E, 0xD8, 0x1C, 0xD8,
    0x19, 0x8E, 0x13, 0x06, 0x06, 0x00, 0x00, 0x00
    },
    {
    0x00, 0x60, 0x30, 0x60, 0x18, 0x60, 0x08, 0x60, 0x00, 0x60, 0x70, 0x7C,
    0x78, 0x7C, 0x18, 0x60, 0x18, 0x60, 0x18, 0x60, 0x12, 0x60, 0x1E, 0x60,
    0x1C, 0x60, 0x1F, 0xFE, 0x10, 0x00, 0x00, 0x00
    },
    {
    0x00, 0x00, 0x31, 0xFC, 0x19, 0xFC, 0x18, 0x0C, 0x00, 0x0C, 0x70, 0x04,
    0x71, 0xFC, 0x11, 0xFC, 0x11, 0x80, 0x11, 0x80, 0x11, 0x80, 0x1D, 0x80,
    0x1D, 0x86, 0x39, 0xFE, 0x10, 0xFC, 0x00, 0x00
    },
    {
    0x00, 0x00, 0x31, 0xF8, 0x19, 0x98, 0x01, 0x98, 0x03, 0x1E, 0x73, 0x0E,
    0x30, 0x00, 0x37, 0xFC, 0x31, 0x08, 0x31, 0x98, 0x3C, 0xF0, 0x1C, 0x70,
    0x38, 0xFC, 0x37, 0x9E, 0x06, 0x00, 0x00, 0x00
    },
    {
    0x00, 0x00, 0x30, 0x60, 0x18, 0x20, 0x13, 0xFE, 0x03, 0xFE, 0x70, 0x80,
    0x70, 0xC0, 0x10, 0xFC, 0x10, 0x8C, 0x11, 0x8C, 0x15, 0x8C, 0x1D, 0x8C,
    0x3B, 0x0C, 0x36, 0x3C, 0x06, 0x38, 0x00, 0x00
    },
    {
    0x00, 0x00, 0x30, 0x00, 0x1B, 0xFE, 0x10, 0x20, 0x00, 0x20, 0x70, 0x20,
    0x73, 0x20, 0x33, 0x3E, 0x33, 0x20, 0x33, 0x20, 0x33, 0x20, 0x3F, 0x20,
    0x1B, 0x20, 0x37, 0xFE, 0x30, 0x00, 0x00, 0x00
    },
    {
    0x00, 0x00, 0x31, 0xFC, 0x19, 0xFC, 0x19, 0x84, 0x01, 0x84, 0x71, 0x84,
    0xF1, 0x84, 0x11, 0x84, 0x11, 0xFC, 0x11, 0xFC, 0x14, 0x00, 0x1C, 0xD8,
    0x39, 0x8C, 0x33, 0x06, 0x02, 0x06, 0x00, 0x00
    },
    {
    0x00, 0x00, 0x33, 0xFC, 0x19, 0x98, 0x11, 0xB8, 0x00, 0xF0, 0x73, 0xFE,
    0x37, 0x1E, 0x30, 0x60, 0x31, 0xF8, 0x31, 0xF8, 0x3C, 0x60, 0x3B, 0xFE,
    0x30, 0x60, 0x30, 0x60, 0x00, 0x60, 0x00, 0x00
    },
    {
    0x00, 0x00, 0x20, 0x6C, 0x30, 0x6C, 0x10, 0x60, 0x07, 0xFE, 0x60, 0x20,
    0xF0, 0x20, 0x37, 0xF0, 0x31, 0x30, 0x31, 0x30, 0x31, 0x10, 0x3D, 0xD8,
    0x3F, 0xDA, 0x32, 0x0E, 0x30, 0x06, 0x00, 0x00
    },
    {
    0x00, 0x00, 0x30, 0xFC, 0x3B, 0xF0, 0x18, 0x60, 0x00, 0x60, 0x07, 0xFE,
    0x70, 0x60, 0x10, 0x60, 0x11, 0xFC, 0x13, 0xFC, 0x17, 0x0C, 0x1F, 0x0C,
    0x19, 0xFC, 0x3B, 0xFC, 0x13, 0x04, 0x00, 0x00
    },
    {
    0x00, 0x00, 0x30, 0xC0, 0x19, 0x80, 0x19, 0xFE, 0x03, 0x06, 0x77, 0xE6,
    0x77, 0xF6, 0x13, 0x36, 0x33, 0xF6, 0x33, 0xF6, 0x33, 0x36, 0x3F, 0xF6,
    0x1B, 0xF6, 0x33, 0x1C, 0x00, 0x1C, 0x00, 0x00
    },
    {
    0x00, 0x00, 0x30, 0x60, 0x30, 0x60, 0x13, 0xFE, 0x00, 0xC0, 0x71, 0x98,
    0x71, 0x18, 0x13, 0xF0, 0x10, 0x6C, 0x10, 0xCC, 0x11, 0x98, 0x1F, 0x38,
    0x38, 0xEC, 0x33, 0xC6, 0x33, 0x00, 0x00, 0x00
    },
    {
    0x00, 0x00, 0x30, 0x98, 0x18, 0xD8, 0x18, 0x10, 0x03, 0xFE, 0x70, 0x60,
    0x70, 0x60, 0x13, 0xFC, 0x13, 0xFC, 0x10, 0x60, 0x10, 0x60, 0x1F, 0xFE,
    0x18, 0x60, 0x30, 0x60, 0x00, 0x60, 0x00, 0x00
    },
    {
    0x00, 0x00, 0x27, 0xFC, 0x33, 0xFC, 0x10, 0xC0, 0x03, 0xF8, 0x70, 0xC8,
    0x70, 0x88, 0x37, 0xFE, 0x37, 0xFE, 0x31, 0xF8, 0x33, 0xFC, 0x3F, 0x0C,
    0x3B, 0x0C, 0x33, 0xFC, 0x03, 0x0C, 0x00, 0x00
    },
    {
    0x00, 0x00, 0x33, 0xF8, 0x33, 0xFC, 0x13, 0x0C, 0x03, 0x0C, 0x73, 0xFC,
    0x70, 0x00, 0x33, 0xFC, 0x30, 0x60, 0x37, 0xFE, 0x37, 0xFE, 0x38, 0xF0,
    0x39, 0x98, 0x37, 0x0E, 0x06, 0x06, 0x00, 0x00
    },
    {
    0x00, 0x00, 0x31, 0x98, 0x39, 0x98, 0x18, 0xB0, 0x03, 0xFC, 0x73, 0x0C,
    0x33, 0x0C, 0x13, 0xFC, 0x11, 0xFC, 0x10, 0x90, 0x14, 0xB0, 0x1D, 0xB0,
    0x39, 0xB2, 0x37, 0x1E, 0x06, 0x1C, 0x00, 0x00
    },
    {
    0x00, 0x00, 0x20, 0x60, 0x33, 0xFE, 0x13, 0xFE, 0x03, 0xFC, 0x03, 0xFC,
    0x77, 0xFE, 0x37, 0xFE, 0x31, 0xF8, 0x33, 0xFC, 0x33, 0xFC, 0x37, 0xFC,
    0x3F, 0xFC, 0x3B, 0x0C, 0x33, 0x1C, 0x01, 0x08
    },
    {
    0x00, 0x00, 0x10, 0x60, 0x30, 0x60, 0x1B, 0xFC, 0x00, 0x60, 0x03, 0xFE,
    0x71, 0x06, 0x31, 0xB4, 0x33, 0xB0, 0x33, 0x30, 0x30, 0x30, 0x37, 0xFE,
    0x38, 0x60, 0x38, 0xDC, 0x37, 0x86, 0x02, 0x00
    },
    {
    0x00, 0x00, 0x21, 0xB0, 0x33, 0x30, 0x13, 0xFE, 0x03, 0xFE, 0x67, 0x20,
    0x7F, 0x30, 0x33, 0xFC, 0x33, 0x20, 0x33, 0xFC, 0x33, 0xFC, 0x3F, 0x20,
    0x3B, 0xFE, 0x33, 0xFE, 0x03, 0x00, 0x00, 0x00
    },
    {
    0x00, 0x00, 0x33, 0xFE, 0x1B, 0xFE, 0x1A, 0x26, 0x03, 0xFE, 0x73, 0x26,
    0x73, 0x26, 0x13, 0xFE, 0x13, 0x06, 0x12, 0xFE, 0x1E, 0xDE, 0x1E, 0xFE,
    0x1E, 0x76, 0x36, 0x0E, 0x04, 0x0E, 0x00, 0x00
    },
    {
    0x00, 0x10, 0x21, 0x18, 0x37, 0xFE, 0x17, 0xFE, 0x01, 0x10, 0x77, 0xFE,
    0x77, 0xFE, 0x33, 0x00, 0x33, 0xFC, 0x30, 0x00, 0x33, 0x58, 0x3A, 0x58,
    0x3A, 0x5A, 0x36, 0x5E, 0x06, 0x4C, 0x00, 0x00
    },
    {
    0x00, 0x00, 0x33, 0x30, 0x33, 0x36, 0x1B, 0xFC, 0x03, 0x30, 0x73, 0xB6,
    0x73, 0xBE, 0x30, 0x40, 0x31, 0xF8, 0x33, 0xFC, 0x33, 0xFC, 0x3F, 0xFC,
    0x3B, 0x0C, 0x33, 0xFC, 0x03, 0x0C, 0x00, 0x00
    },
    {
    0x00, 0x00, 0x1F, 0xF8, 0x01, 0x80, 0x01, 0x80, 0x7F, 0xFE, 0x00, 0x00,
    0x0F, 0xF8, 0x1F, 0xF8, 0x18, 0x08, 0x19, 0x98, 0x19, 0x18, 0x13, 0xC0,
    0x06, 0x78, 0x7C, 0x1C, 0x70, 0x04, 0x00, 0x00
    },
    {
    0x00, 0x80, 0x01, 0x80, 0x3F, 0xFC, 0x01, 0x80, 0x3F, 0xF8, 0x01, 0x80,
    0x7F, 0xFE, 0x00, 0x00, 0x1F, 0xF8, 0x1F, 0xF8, 0x19, 0x88, 0x19, 0x98,
    0x13, 0xF8, 0x0E, 0x3C, 0x3C, 0x0C, 0x00, 0x00
    },
    {
    0x00, 0x20, 0x00, 0x20, 0x7F, 0x60, 0x63, 0x60, 0x6B, 0x7E, 0x6B, 0x4C,
    0x6B, 0xCC, 0x6B, 0xCC, 0x6B, 0x6C, 0x6B, 0x68, 0x58, 0x38, 0x1C, 0x30,
    0x37, 0x38, 0x73, 0xEE, 0x61, 0xC6, 0x00, 0x00
    },
    {
    0x00, 0x20, 0x3E, 0x30, 0x7F, 0x30, 0x63, 0x3E, 0x6B, 0x3E, 0x6B, 0x30,
    0x6B, 0x30, 0x6B, 0x7C, 0x6B, 0xFC, 0x6B, 0xC4, 0x3A, 0xC4, 0x1C, 0xC4,
    0x36, 0xFC, 0x73, 0xFC, 0x60, 0xC4, 0x00, 0x00
    },
    {
    0x02, 0x20, 0x02, 0x60, 0x3F, 0xFC, 0x06, 0x64, 0x3F, 0xFC, 0x36, 0x60,
    0x3F, 0xFE, 0x0C, 0x66, 0x7F, 0xFC, 0x7F, 0xF8, 0x09, 0x88, 0x19, 0x88,
    0x0B, 0x70, 0x3E, 0x1C, 0x38, 0x04, 0x00, 0x00
    },
    {
    0x00, 0x00, 0x01, 0x80, 0x39, 0xFE, 0x1B, 0xFC, 0x02, 0x64, 0x18, 0xB0,
    0x73, 0x1E, 0x62, 0x06, 0x1F, 0xF8, 0x19, 0x98, 0x19, 0x98, 0x19, 0x18,
    0x03, 0x70, 0x1E, 0x3C, 0x38, 0x0C, 0x00, 0x00
    },
    {
    0x08, 0x00, 0x08, 0x20, 0x7F, 0x7C, 0x7F, 0xFC, 0x08, 0x98, 0x7E, 0xFE,
    0x6B, 0xC6, 0x6B, 0xD6, 0x7E, 0xD6, 0x18, 0xD6, 0x1E, 0xF6, 0x3B, 0x30,
    0x68, 0x6C, 0x08, 0xCE, 0x09, 0x82, 0x00, 0x00
    },
    {
    0x00, 0x00, 0x01, 0x80, 0x01, 0x80, 0x1F, 0xFC, 0x01, 0x80, 0x00, 0x80,
    0x7F, 0xFE, 0x7F, 0xFE, 0x00, 0x80, 0x0D, 0x80, 0x19, 0xFC, 0x19, 0x80,
    0x1C, 0x80, 0x37, 0x80, 0x63, 0xFE, 0x00, 0x00
    },
    {
    0x00, 0x00, 0x0C, 0x00, 0x0C, 0x7C, 0x3E, 0x7C, 0x3E, 0x44, 0x0C, 0x44,
    0x7F, 0x7C, 0x7F, 0x7C, 0x0C, 0x40, 0x3F, 0x40, 0x27, 0x46, 0x3C, 0x7C,
    0x7C, 0x00, 0x6E, 0x06, 0x47, 0xFE, 0x00, 0x00
    },
    {
    0x00, 0x00, 0x0C, 0x00, 0x0C, 0xFE, 0x3E, 0x24, 0x0C, 0x24, 0x0C, 0x6C,
    0x7F, 0xDC, 0x0C, 0x7C, 0x2C, 0xFC, 0x3F, 0xC4, 0x2C, 0xC4, 0x3C, 0xFC,
    0x7C, 0xC4, 0x6F, 0xCE, 0x43, 0xFE, 0x00, 0x00
    },
    {
    0x00, 0x00, 0x0C, 0x30, 0x0C, 0x34, 0x3E, 0x30, 0x3E, 0xFE, 0x0C, 0xF0,
    0x7E, 0xD4, 0x7E, 0xD4, 0x0C, 0xDC, 0x2E, 0xD8, 0x2E, 0xFA, 0x3C, 0x9E,
    0x7C, 0x26, 0x6F, 0x02, 0x47, 0xFE, 0x00, 0x00
    },
    {
    0x00, 0x00, 0x08, 0x30, 0x08, 0xB6, 0x3E, 0xBC, 0x3E, 0x30, 0x08, 0xFC,
    0x3F, 0xFE, 0x3F, 0xB6, 0x0D, 0xFE, 0x2F, 0xDE, 0x2D, 0xFE, 0x3D, 0x86,
    0x7D, 0x8C, 0x4F, 0x8C, 0x47, 0xFE, 0x00, 0x00
    },
    {
    0x00, 0x00, 0x0F, 0xF8, 0x08, 0x18, 0x08, 0x08, 0x08, 0x18, 0x0F, 0xF8,
    0x01, 0x80, 0x09, 0x80, 0x0D, 0xFC, 0x19, 0xFC, 0x19, 0x80, 0x3D, 0x80,
    0x37, 0x82, 0x63, 0xFE, 0x00, 0x00, 0x00, 0x00
    },
    {
    0x00, 0x00, 0x3E, 0xFE, 0x3E, 0xFE, 0x22, 0xC0, 0x32, 0xC0, 0x3E, 0xFC,
    0x0C, 0xC4, 0x2C, 0xC4, 0x2E, 0xC4, 0x2C, 0xFC, 0x2C, 0xC0, 0x2C, 0xC0,
    0x3E, 0xC0, 0x7F, 0xFE, 0x00, 0x00, 0x00, 0x00
    },
    {
    0x00, 0x00, 0x3E, 0xFC, 0x26, 0x8C, 0x26, 0x8C, 0x26, 0xFC, 0x3E, 0x84,
    0x09, 0xFC, 0x69, 0xFC, 0x6F, 0xA4, 0x69, 0xBC, 0x69, 0x98, 0x6F, 0x98,
    0x7F, 0xEE, 0x61, 0xC6, 0x00, 0x00, 0x00, 0x00
    },
    {
    0x00, 0x00, 0x3C, 0x20, 0x3D, 0xFE, 0x25, 0xFE, 0x24, 0xD8, 0x3D, 0xCE,
    0x0B, 0xFE, 0x0A, 0x00, 0x6D, 0xFC, 0x6D, 0xFC, 0x68, 0xC0, 0x28, 0xFC,
    0x7E, 0x0C, 0x78, 0x08, 0x00, 0x38, 0x00, 0x20
    },
    {
    0x00, 0x40, 0x00, 0xC0, 0x7E, 0xFC, 0x64, 0xFC, 0x67, 0xC8, 0x7F, 0x70,
    0x3C, 0x70, 0x09, 0xDE, 0x6F, 0x86, 0x6C, 0xFC, 0x68, 0x8C, 0x68, 0x8C,
    0x7E, 0xFC, 0x78, 0xFC, 0x00, 0x8C, 0x00, 0x00
    },
    {
    0x00, 0x00, 0x1C, 0x58, 0x3E, 0x50, 0x27, 0x56, 0x27, 0x5C, 0x3F, 0xDC,
    0x3C, 0x50, 0x08, 0x58, 0x2E, 0xDC, 0x2B, 0xDE, 0x28, 0x50, 0x28, 0xD0,
    0x7F, 0x92, 0x7F, 0x1E, 0x02, 0x0C, 0x00, 0x00
    },
    {
    0x00, 0x20, 0x3C, 0x20, 0x3D, 0xFC, 0x25, 0xFE, 0x25, 0x06, 0x3D, 0xFC,
    0x3C, 0xF8, 0x08, 0x00, 0x6F, 0xFE, 0x6C, 0x30, 0x68, 0xB4, 0x6C, 0xBC,
    0x7F, 0xB6, 0x73, 0x70, 0x00, 0x60, 0x00, 0x00
    },
    {
    0x01, 0x00, 0x03, 0x00, 0x0F, 0xF0, 0x1F, 0xF8, 0x1F, 0xF0, 0x1F, 0xF0,
    0x18, 0x10, 0x1F, 0xFE, 0x18, 0x18, 0x7F, 0xF8, 0x00, 0xF0, 0x03, 0x90,
    0x0E, 0x10, 0x78, 0x70, 0x20, 0x70, 0x00, 0x00
    },
    {
    0x08, 0x00, 0x18, 0x78, 0x3C, 0x78, 0x3E, 0x48, 0x3E, 0xC8, 0x3E, 0xCE,
    0x3C, 0xB0, 0x3E, 0x30, 0x67, 0xFE, 0x7E, 0x78, 0x1E, 0x78, 0x36, 0xFC,
    0xE7, 0xB7, 0x0E, 0x32, 0x0C, 0x30, 0x00, 0x00
    },
    {
    0x00, 0x00, 0x18, 0x60, 0x7E, 0x60, 0x7F, 0xFC, 0x30, 0x60, 0x28, 0x60,
    0x69, 0xFE, 0x7E, 0x40, 0x7E, 0xC0, 0x08, 0xFC, 0x0E, 0x0C, 0x7E, 0x58,
    0x48, 0xF0, 0x08, 0x30, 0x08, 0x18, 0x00, 0x00
    },
    {
    0x00, 0x00, 0x18, 0x60, 0x18, 0x70, 0x7F, 0xD0, 0x31, 0x9C, 0x39, 0x8E,
    0x2F, 0xC6, 0x6C, 0xC0, 0x7E, 0xDC, 0x08, 0xF0, 0x0E, 0xC0, 0x7E, 0xC0,
    0x68, 0xC4, 0x0C, 0xFC, 0x0C, 0x7C, 0x00, 0x00
    },
    {
    0x18, 0x60, 0x18, 0x60, 0x7F, 0x60, 0x30, 0xFE, 0x38, 0x84, 0x2D, 0xAC,
    0x6C, 0x30, 0x7F, 0x20, 0x0C, 0x30, 0x0C, 0x70, 0x3F, 0x70, 0x7E, 0x58,
    0x0C, 0xCC, 0x0D, 0x8E, 0x0D, 0x04, 0x00, 0x00
    },
    {
    0x00, 0x00, 0x18, 0x00, 0x11, 0xF8, 0x7E, 0x18, 0x30, 0x30, 0x28, 0x78,
    0x28, 0xCE, 0x7F, 0x86, 0x7E, 0x00, 0x09, 0xFC, 0x3E, 0x30, 0x7E, 0x30,
    0x08, 0x30, 0x09, 0xFE, 0x09, 0xFE, 0x00, 0x00
    },
    {
    0x04, 0x20, 0x04, 0x68, 0x3F, 0xEC, 0x04, 0x60, 0x7F, 0xFE, 0x7F, 0xFE,
    0x0C, 0x20, 0x7F, 0xAC, 0x14, 0x38, 0x3F, 0xB8, 0x3F, 0x30, 0x07, 0x30,
    0x7F, 0x7E, 0x24, 0xCE, 0x04, 0x84, 0x00, 0x00
    },
    {
    0x10, 0x00, 0x18, 0x3C, 0x31, 0xF0, 0x7E, 0x60, 0x21, 0xFE, 0x29, 0xFE,
    0x68, 0x58, 0x7C, 0xCC, 0x7F, 0x8E, 0x09, 0xD8, 0x0C, 0xD8, 0x7E, 0xD8,
    0x78, 0xD8, 0x09, 0x98, 0x0B, 0x98, 0x00, 0x00
    },
    {
    0x00, 0x20, 0x18, 0x60, 0x18, 0x20, 0x7F, 0xFE, 0x30, 0x48, 0x28, 0xCC,
    0x69, 0x86, 0x7F, 0x00, 0x7E, 0xD8, 0x08, 0xD8, 0x0E, 0x70, 0x7E, 0x70,
    0x08, 0x78, 0x09, 0xDE, 0x09, 0x86, 0x00, 0x00
    },
    {
    0x00, 0x00, 0x18, 0x2C, 0x10, 0x2C, 0x7F, 0xFE, 0x30, 0x20, 0x29, 0xFC,
    0x29, 0xFE, 0x7F, 0x26, 0x7D, 0xFC, 0x09, 0x26, 0x0F, 0x26, 0x7F, 0xFC,
    0x69, 0x26, 0x09, 0x24, 0x09, 0x2C, 0x08, 0x00
    },
    {
    0x10, 0x00, 0x11, 0xFC, 0x7D, 0x84, 0x7D, 0xFC, 0x20, 0xF8, 0x2B, 0xFE,
    0x69, 0xFE, 0x7D, 0xFC, 0x7D, 0xFC, 0x09, 0xFC, 0x7F, 0xFC, 0x79, 0x8C,
    0x09, 0xFE, 0x0B, 0xCC, 0x08, 0x0C, 0x00, 0x00
    },
    {
    0x00, 0x00, 0x10, 0xE0, 0x30, 0xE0, 0x7D, 0x90, 0x23, 0xFE, 0x36, 0xF6,
    0x7B, 0xC4, 0x7B, 0xDC, 0x7B, 0xD4, 0x1B, 0xD4, 0x1B, 0x54, 0x7B, 0xDC,
    0x5B, 0x54, 0x1B, 0x44, 0x1A, 0xCC, 0x00, 0x00
    },
    {
    0x00, 0x08, 0x18, 0xD8, 0x18, 0xDC, 0x7C, 0xFE, 0x0E, 0xC4, 0x2F, 0xB4,
    0x2B, 0x9C, 0x7F, 0xFE, 0x7B, 0xB8, 0x1A, 0x88, 0x7D, 0xBE, 0x31, 0xBE,
    0x33, 0x18, 0x36, 0x18, 0x22, 0x18, 0x00, 0x00
    },
    {
    0x00, 0x40, 0x20, 0xC0, 0x30, 0xC0, 0x13, 0xFC, 0x13, 0xFC, 0x00, 0xCC,
    0x70, 0xCC, 0x70, 0x8C, 0x11, 0x8C, 0x11, 0x8C, 0x13, 0x3C, 0x12, 0x38,
    0x38, 0x00, 0x6F, 0xFE, 0x43, 0xFC, 0x00, 0x00
    },
    {
    0x00, 0x00, 0x30, 0x60, 0x30, 0x60, 0x18, 0x60, 0x03, 0xFC, 0x03, 0xFC,
    0x70, 0x60, 0x70, 0xF0, 0x10, 0xF0, 0x11, 0x98, 0x13, 0x8C, 0x13, 0x04,
    0x38, 0x00, 0x7F, 0xFE, 0x63, 0xFE, 0x00, 0x00
    },
    {
    0x00, 0x00, 0x00, 0x18, 0x30, 0x18, 0x17, 0xFE, 0x07, 0xFE, 0x78, 0x18,
    0x79, 0x18, 0x31, 0x98, 0x21, 0x98, 0x78, 0x98, 0x18, 0x18, 0x10, 0x78,
    0x30, 0x70, 0x7F, 0xFE, 0x67, 0xFE, 0x00, 0x00
    },
    {
    0x00, 0x00, 0x31, 0xFC, 0x31, 0xFC, 0x10, 0x00, 0x00, 0x00, 0x07, 0xFE,
    0x70, 0xC0, 0x10, 0xD0, 0x11, 0x98, 0x11, 0x88, 0x13, 0xFC, 0x13, 0xE4,
    0x38, 0x00, 0x7F, 0xFE, 0x63, 0xFE, 0x00, 0x00
    },
    {
    0x00, 0x00, 0x00, 0x0C, 0x31, 0xFC, 0x13, 0xE0, 0x03, 0x00, 0x7B, 0x00,
    0x13, 0xFE, 0x33, 0x30, 0x63, 0x10, 0x7B, 0x10, 0x1E, 0x10, 0x16, 0x30,
    0x30, 0x10, 0x7F, 0xFE, 0x43, 0xFE, 0x00, 0x00
    },
    {
    0x00, 0x00, 0x20, 0x1C, 0x33, 0xFC, 0x13, 0x00, 0x03, 0x00, 0x7B, 0xFC,
    0x13, 0xC8, 0x33, 0xC8, 0x73, 0x58, 0x7A, 0x70, 0x16, 0xF8, 0x17, 0xCE,
    0x3C, 0x00, 0x7F, 0xFE, 0x43, 0xFE, 0x00, 0x00
    },
    {
    0x00, 0x00, 0x23, 0xFE, 0x33, 0xFE, 0x10, 0x60, 0x78, 0x60, 0x78, 0xE0,
    0x31, 0xF8, 0x23, 0x4C, 0x7E, 0x66, 0x18, 0x60, 0x10, 0x60, 0x30, 0x60,
    0x3C, 0x40, 0x6F, 0xFE, 0x00, 0x00, 0x00, 0x00
    },
    {
    0x00, 0x40, 0x20, 0x40, 0x30, 0x60, 0x17, 0xFE, 0x00, 0x18, 0x7A, 0x10,
    0x33, 0x10, 0x31, 0xF0, 0x70, 0x60, 0x78, 0xF0, 0x11, 0xD8, 0x17, 0x0C,
    0x38, 0x00, 0x7F, 0xFE, 0x43, 0xFE, 0x00, 0x00
    },
    {
    0x00, 0x00, 0x01, 0x98, 0x31, 0x90, 0x31, 0x90, 0x17, 0xFE, 0x01, 0x90,
    0x71, 0x90, 0x77, 0xFE, 0x17, 0xFE, 0x31, 0x90, 0x31, 0x10, 0x13, 0x10,
    0x32, 0x10, 0x7E, 0x1E, 0x67, 0xFE, 0x00, 0x00
    },
    {
    0x00, 0x00, 0x33, 0xFC, 0x33, 0xFC, 0x18, 0x00, 0x07, 0xFE, 0x73, 0xFE,
    0x71, 0xB0, 0x11, 0xB0, 0x11, 0xB0, 0x13, 0x36, 0x17, 0x3E, 0x1E, 0x18,
    0x3E, 0x02, 0x67, 0xFE, 0x00, 0x00, 0x00, 0x00
    },
    {
    0x00, 0x00, 0x20, 0xC0, 0x30, 0xC0, 0x37, 0xFE, 0x11, 0x80, 0x01, 0x60,
    0x73, 0x60, 0x77, 0xFC, 0x10, 0x60, 0x37, 0xFE, 0x37, 0xFE, 0x10, 0x60,
    0x38, 0x60, 0x7F, 0xFE, 0x43, 0xFE, 0x00, 0x00
    },
    {
    0x00, 0x00, 0x31, 0xFC, 0x33, 0xFC, 0x1B, 0x0C, 0x03, 0x0C, 0x03, 0xFC,
    0x73, 0x0C, 0x13, 0x20, 0x13, 0x30, 0x13, 0x18, 0x16, 0x0C, 0x16, 0x04,
    0x3E, 0x02, 0x67, 0xFE, 0x00, 0x00, 0x00, 0x00
    },
    {
    0x00, 0x00, 0x00, 0x68, 0x30, 0x6C, 0x10, 0x6C, 0x07, 0xFE, 0x78, 0x60,
    0x11, 0x78, 0x31, 0x78, 0x21, 0x78, 0x7B, 0x78, 0x1A, 0x7C, 0x16, 0x6C,
    0x30, 0x60, 0x3E, 0x02, 0x6F, 0xFE, 0x00, 0x00
    },
    {
    0x00, 0x00, 0x00, 0x60, 0x30, 0x60, 0x17, 0xFE, 0x00, 0xD0, 0x78, 0x90,
    0x12, 0x9C, 0x36, 0x96, 0x76, 0x96, 0x79, 0x92, 0x19, 0x90, 0x13, 0x30,
    0x3A, 0x30, 0x6F, 0xFE, 0x41, 0xFC, 0x00, 0x00
    },
    {
    0x00, 0x40, 0x20, 0xC0, 0x33, 0xFC, 0x12, 0x0C, 0x02, 0x0C, 0x7B, 0xFC,
    0x32, 0x00, 0x33, 0xFC, 0x73, 0xFC, 0x7A, 0x04, 0x13, 0xFC, 0x13, 0xFC,
    0x3A, 0x04, 0x7F, 0xFE, 0x63, 0xFE, 0x00, 0x00
    },
    {
    0x00, 0x00, 0x00, 0xB0, 0x31, 0xB4, 0x34, 0xB4, 0x06, 0xBC, 0x7A, 0xB8,
    0x78, 0xB0, 0x33, 0xBC, 0x27, 0xB6, 0x7D, 0xB0, 0x19, 0xB2, 0x13, 0x3E,
    0x36, 0x1C, 0x3E, 0x00, 0x6F, 0xFE, 0x01, 0xFC
    },
    {
    0x00, 0x00, 0x21, 0x98, 0x30, 0x90, 0x13, 0xFE, 0x03, 0xFE, 0x78, 0x60,
    0x13, 0x6C, 0x32, 0x64, 0x7B, 0xFC, 0x7B, 0xFC, 0x18, 0xC0, 0x11, 0x80,
    0x39, 0x00, 0x7F, 0xFE, 0x63, 0xFC, 0x00, 0x00
    },
    {
    0x00, 0x00, 0x00, 0x60, 0x23, 0x60, 0x33, 0xFC, 0x13, 0xFC, 0x7A, 0x60,
    0x7F, 0xFC, 0x37, 0xFE, 0x20, 0xB0, 0x79, 0xB0, 0x19, 0xB6, 0x13, 0x3E,
    0x32, 0x18, 0x3F, 0x86, 0x67, 0xFE, 0x00, 0x00
    },
    {
    0x00, 0x00, 0x23, 0xFC, 0x33, 0xE0, 0x17, 0xFE, 0x07, 0xFE, 0x79, 0xF8,
    0x36, 0x6E, 0x33, 0xF0, 0x73, 0xF0, 0x38, 0xBC, 0x19, 0x8C, 0x13, 0x1C,
    0x3E, 0x18, 0x6F, 0xFE, 0x43, 0xFC, 0x00, 0x00
    },
    {
    0x00, 0x00, 0x03, 0xFE, 0x33, 0xFE, 0x30, 0xC0, 0x03, 0xCC, 0x7B, 0x7C,
    0x30, 0xB8, 0x33, 0x78, 0x72, 0xFC, 0x79, 0xB6, 0x13, 0x36, 0x10, 0x60,
    0x38, 0xC0, 0x7F, 0xFE, 0x63, 0xFC, 0x00, 0x00
    },
    {
    0x00, 0x00, 0x01, 0x30, 0x31, 0xB0, 0x37, 0xFC, 0x00, 0x64, 0x7B, 0xFC,
    0x7B, 0xFC, 0x36, 0x40, 0x37, 0xFC, 0x7B, 0xFE, 0x19, 0xE6, 0x13, 0x6C,
    0x36, 0x68, 0x3E, 0x66, 0x67, 0xFE, 0x00, 0x00
    },
    {
    0x00, 0x40, 0x20, 0xE0, 0x31, 0xB0, 0x33, 0x1C, 0x07, 0xFE, 0x7D, 0xF0,
    0x30, 0x60, 0x27, 0xFC, 0x70, 0x60, 0x7B, 0x68, 0x13, 0x6C, 0x16, 0xE4,
    0x38, 0xC0, 0x7F, 0xFE, 0x61, 0xFE, 0x00, 0x00
    },
    {
    0x00, 0x00, 0x23, 0xFC, 0x30, 0x98, 0x10, 0xF0, 0x03, 0xFC, 0x73, 0xFC,
    0x33, 0xFC, 0x33, 0xFC, 0x72, 0x44, 0x3B, 0xFC, 0x12, 0x6C, 0x32, 0x4C,
    0x3E, 0x4C, 0x67, 0xFE, 0x00, 0x00, 0x00, 0x00
    },
    {
    0x00, 0x00, 0x00, 0x60, 0x37, 0xFE, 0x37, 0xFE, 0x00, 0x60, 0x73, 0xFC,
    0x72, 0x64, 0x33, 0xFC, 0x23, 0xFC, 0x70, 0xE0, 0x39, 0xFC, 0x17, 0x6E,
    0x36, 0x60, 0x3C, 0x00, 0x6F, 0xFE, 0x00, 0x38
    },
    {
    0x04, 0x04, 0x27, 0xFC, 0x36, 0xB4, 0x06, 0xB4, 0x7F, 0xFC, 0x78, 0x80,
    0x31, 0xFC, 0x23, 0xFC, 0x7F, 0x88, 0x18, 0xF8, 0x10, 0x70, 0x33, 0xC0,
    0x3F, 0x00, 0x6F, 0xFE, 0x01, 0xFC, 0x00, 0x00
    },
    {
    0x00, 0x00, 0x23, 0xFC, 0x33, 0xFC, 0x11, 0xF8, 0x03, 0xF8, 0x7B, 0xF8,
    0x10, 0x00, 0x33, 0xFC, 0x72, 0x6C, 0x7B, 0xFC, 0x12, 0x6C, 0x13, 0xFC,
    0x3E, 0x04, 0x6F, 0xFE, 0x01, 0xFC, 0x00, 0x00
    },
    {
    0x00, 0x00, 0x23, 0xFC, 0x33, 0xFC, 0x13, 0xFC, 0x03, 0xFC, 0x7B, 0xFC,
    0x13, 0xFC, 0x37, 0xFC, 0x77, 0xFE, 0x3A, 0x76, 0x13, 0xFE, 0x12, 0x0E,
    0x3E, 0x0C, 0x6F, 0xFE, 0x01, 0xFC, 0x00, 0x00
    },
    {
    0x00, 0x1C, 0x23, 0xFC, 0x32, 0x00, 0x03, 0xFC, 0x02, 0x04, 0x7B, 0xFC,
    0x12, 0x00, 0x33, 0xFE, 0x7F, 0x56, 0x1D, 0xFE, 0x1D, 0x56, 0x39, 0x0C,
    0x7F, 0x8E, 0x63, 0xFE, 0x00, 0x00, 0x00, 0x00
    },
    {
    0x00, 0x00, 0x01, 0x98, 0x30, 0x90, 0x37, 0xFE, 0x00, 0x60, 0x7B, 0xFC,
    0x73, 0x0C, 0x11, 0xFC, 0x33, 0x0C, 0x79, 0xFC, 0x1B, 0xFC, 0x13, 0xFC,
    0x31, 0xFC, 0x7F, 0x06, 0x67, 0xFE, 0x00, 0x00
    },
    {
    0x00, 0x00, 0x00, 0x90, 0x27, 0xFE, 0x30, 0xF0, 0x17, 0xFC, 0x76, 0xF6,
    0x7A, 0xF4, 0x17, 0xFE, 0x33, 0xFC, 0x3B, 0xFC, 0x3B, 0xFC, 0x1B, 0xFC,
    0x13, 0xFC, 0x3F, 0x0E, 0x67, 0xFE, 0x00, 0x00
    },
    {
    0x00, 0x08, 0x23, 0x88, 0x33, 0xFE, 0x32, 0xFE, 0x02, 0xD6, 0x73, 0xD4,
    0x36, 0x3E, 0x37, 0xBE, 0x67, 0xC8, 0x7E, 0x7E, 0x1F, 0xC8, 0x11, 0x88,
    0x38, 0x08, 0x6F, 0xFE, 0x01, 0xFE, 0x00, 0x00
    },
    {
    0x00, 0x00, 0x3F, 0xFE, 0x09, 0xE4, 0x09, 0x6C, 0x3F, 0x6C, 0x7F, 0x68,
    0x09, 0x68, 0x7F, 0x6C, 0x7F, 0x66, 0x19, 0x66, 0x11, 0x66, 0x31, 0x7E,
    0x67, 0x68, 0x06, 0x60, 0x00, 0x60, 0x00, 0x00
    },
    {
    0x00, 0x00, 0x0C, 0x00, 0x7F, 0xBE, 0x7F, 0xA6, 0x13, 0x24, 0x12, 0x2C,
    0x7F, 0xEC, 0x7F, 0xEC, 0x00, 0x24, 0x3F, 0x26, 0x33, 0x22, 0x21, 0x22,
    0x3F, 0x2E, 0x3F, 0x2C, 0x21, 0x60, 0x00, 0x20
    },
    {
    0x0C, 0x00, 0x0C, 0x3E, 0x3E, 0xFE, 0x3F, 0xB6, 0x0D, 0x34, 0x7F, 0xF4,
    0x7F, 0xFC, 0x0C, 0x3C, 0x3F, 0xB6, 0x71, 0xB6, 0x1F, 0xB2, 0x1F, 0xB6,
    0x1F, 0xBE, 0x1F, 0xB0, 0x10, 0x30, 0x00, 0x20
    },
    {
    0x00, 0x00, 0x7F, 0xFC, 0x1C, 0x0C, 0x1C, 0x04, 0x7F, 0x04, 0x7F, 0x0C,
    0x7D, 0xFC, 0x77, 0xCC, 0x77, 0xC0, 0x63, 0xC0, 0x7F, 0xC0, 0x61, 0xC0,
    0x7F, 0xC6, 0x7F, 0x7E, 0x40, 0x00, 0x00, 0x00
    },
    {
    0x00, 0x00, 0x7F, 0xFC, 0x7E, 0xC6, 0x1C, 0xFC, 0x7E, 0xC4, 0x7F, 0xFE,
    0x7F, 0x7C, 0x7E, 0xD0, 0x76, 0xFE, 0x63, 0x90, 0x7F, 0x7C, 0x63, 0x10,
    0x7F, 0x10, 0x7F, 0xFE, 0x00, 0x00, 0x00, 0x00
    },
    {
    0x00, 0x08, 0x01, 0xFC, 0x3F, 0xF0, 0x19, 0x18, 0x19, 0x98, 0x19, 0xB0,
    0x08, 0x20, 0x01, 0x80, 0x7F, 0xFE, 0x07, 0xE0, 0x05, 0xB0, 0x1D, 0x9C,
    0x39, 0x8E, 0x61, 0x80, 0x01, 0x80, 0x00, 0x00
    },
    {
    0x00, 0x00, 0x1F, 0xF8, 0x3F, 0xFC, 0x31, 0x8C, 0x3F, 0xFC, 0x3F, 0xFC,
    0x31, 0x8C, 0x3F, 0xFC, 0x1F, 0xF8, 0x01, 0x80, 0x3F, 0xFC, 0x01, 0x80,
    0x01, 0x80, 0x7F, 0xFE, 0x40, 0x02, 0x00, 0x00
    },
    {
    0x00, 0x00, 0x02, 0xF8, 0x3F, 0xF8, 0x01, 0x80, 0x7F, 0xFE, 0x01, 0x80,
    0x1F, 0xF8, 0x1F, 0xF8, 0x1F, 0xF8, 0x1F, 0xF8, 0x1F, 0xF8, 0x1F, 0xF8,
    0x1F, 0xF8, 0x7F, 0xFE, 0x7F, 0xFE, 0x00, 0x00
    },
    {
    0x00, 0x00, 0x1F, 0xF8, 0x18, 0x18, 0x1A, 0x18, 0x1F, 0xF8, 0x00, 0x00,
    0x7F, 0xFE, 0x1F, 0xF8, 0x19, 0x98, 0x1F, 0xF8, 0x1F, 0xF8, 0x01, 0x80,
    0x3F, 0xF8, 0x7F, 0xFE, 0x7F, 0xFE, 0x00, 0x00
    },
    {
    0x00, 0x00, 0x01, 0x00, 0x03, 0x80, 0x06, 0xC0, 0x0C, 0x70, 0x18, 0x1C,
    0x7F, 0xFE, 0x6F, 0xF0, 0x01, 0x80, 0x1F, 0xF8, 0x1F, 0xF8, 0x19, 0x90,
    0x09, 0xB0, 0x01, 0xB0, 0x7F, 0xFC, 0x00, 0x00
    },
    {
    0x00, 0x00, 0x18, 0x30, 0x10, 0x30, 0x3F, 0x30, 0x60, 0x10, 0x60, 0xB2,
    0x3E, 0xFE, 0x18, 0x30, 0x7E, 0x10, 0x7E, 0x30, 0x18, 0x30, 0x1A, 0x30,
    0x1E, 0x30, 0x1C, 0x30, 0x18, 0x30, 0x00, 0x00
    },
    {
    0x00, 0x00, 0x18, 0x00, 0x31, 0xFE, 0x3F, 0xFE, 0x60, 0x18, 0x7E, 0x18,
    0x3E, 0x18, 0x18, 0x18, 0x7E, 0x18, 0x7E, 0x18, 0x18, 0x18, 0x18, 0x18,
    0x1E, 0x18, 0x1C, 0x18, 0x18, 0x78, 0x00, 0x20
    },
    {
    0x18, 0x60, 0x30, 0x60, 0x3F, 0xFE, 0x60, 0x60, 0x40, 0x64, 0x7D, 0x64,
    0x11, 0x64, 0x11, 0x6C, 0x7F, 0xFC, 0x11, 0xE4, 0x14, 0x60, 0x1C, 0x62,
    0x18, 0x26, 0x10, 0x3E, 0x00, 0x00, 0x00, 0x00
    },
    {
    0x00, 0x00, 0x18, 0x00, 0x31, 0xFE, 0x3F, 0x06, 0x61, 0x1E, 0x41, 0xDE,
    0x7D, 0x76, 0x11, 0x36, 0x7F, 0x36, 0x7F, 0x76, 0x11, 0xDE, 0x11, 0xCE,
    0x1D, 0x06, 0x19, 0x06, 0x31, 0x0C, 0x00, 0x00
    },
    {
    0x00, 0x00, 0x10, 0x00, 0x31, 0xFC, 0x3E, 0x6C, 0x60, 0x6C, 0x40, 0x6C,
    0x3C, 0x6C, 0x11, 0xFC, 0x10, 0x4C, 0x7E, 0x4C, 0x10, 0x4C, 0x14, 0x4C,
    0x1C, 0x4C, 0x1B, 0xFE, 0x13, 0xFE, 0x00, 0x00
    },
    {
    0x00, 0x30, 0x18, 0x30, 0x30, 0xB0, 0x3E, 0xFC, 0x61, 0xFC, 0x7D, 0x30,
    0x3D, 0x30, 0x10, 0x30, 0x7D, 0xFE, 0x7C, 0x30, 0x10, 0x70, 0x16, 0x58,
    0x1C, 0xCC, 0x3B, 0x86, 0x13, 0x02, 0x00, 0x00
    },
    {
    0x00, 0x00, 0x18, 0xC0, 0x33, 0x9E, 0x3F, 0x1A, 0x63, 0x52, 0x7F, 0x52,
    0x3F, 0x52, 0x13, 0x52, 0x1B, 0x52, 0x7F, 0xD2, 0x13, 0xD2, 0x10, 0xDE,
    0x1C, 0x9C, 0x19, 0x98, 0x13, 0x10, 0x00, 0x00
    },
    {
    0x00, 0x20, 0x18, 0x34, 0x31, 0xB6, 0x3E, 0xBC, 0x60, 0x20, 0x7C, 0xFC,
    0x3D, 0xFE, 0x11, 0xA6, 0x7D, 0xB6, 0x7D, 0xB6, 0x11, 0xB6, 0x11, 0xA4,
    0x1E, 0x68, 0x1C, 0xCE, 0x13, 0x86, 0x00, 0x00
    },
    {
    0x10, 0x1C, 0x31, 0xFC, 0x30, 0x20, 0x7F, 0xFE, 0x60, 0xF0, 0x7C, 0xF8,
    0x13, 0xAE, 0x13, 0x06, 0x7D, 0xF8, 0x10, 0xD8, 0x10, 0xDC, 0x1C, 0xC4,
    0x3D, 0x8C, 0x33, 0x1C, 0x02, 0x18, 0x00, 0x00
    },
    {
    0x00, 0x00, 0x18, 0xD8, 0x10, 0xD8, 0x3D, 0xFE, 0x60, 0xD8, 0x40, 0xD8,
    0x3F, 0xFE, 0x10, 0x00, 0x3C, 0xFC, 0x7D, 0xFC, 0x11, 0xFC, 0x17, 0xFC,
    0x1D, 0x84, 0x19, 0xFC, 0x11, 0x8C, 0x00, 0x00
    },
    {
    0x00, 0x00, 0x10, 0x30, 0x37, 0x7C, 0x39, 0x34, 0x63, 0x7E, 0x7B, 0x7E,
    0x3E, 0x34, 0x33, 0xBC, 0x39, 0xFC, 0x3F, 0xFC, 0x13, 0x30, 0x3B, 0x7C,
    0x3B, 0xB0, 0x36, 0xFE, 0x00, 0x3C, 0x00, 0x00
    },
    {
    0x00, 0x20, 0x10, 0x20, 0x33, 0xFE, 0x3C, 0x08, 0x60, 0xD8, 0x43, 0xFE,
    0x3C, 0x00, 0x11, 0xFC, 0x7D, 0xFC, 0x7D, 0xFC, 0x11, 0xFC, 0x15, 0xFC,
    0x1C, 0x92, 0x39, 0xB2, 0x13, 0x1E, 0x00, 0x00
    },
    {
    0x0C, 0x00, 0x0C, 0x18, 0x0C, 0x30, 0x0C, 0x60, 0x0C, 0xC0, 0x0C, 0x80,
    0x7F, 0xFE, 0x7F, 0xFE, 0x0C, 0xC0, 0x0C, 0x40, 0x0C, 0x60, 0x0D, 0x38,
    0x0F, 0x1E, 0x0E, 0x04, 0x08, 0x00, 0x00, 0x00
    },
    {
    0x00, 0x00, 0x19, 0xFC, 0x0D, 0xFC, 0x00, 0x0C, 0x30, 0x0C, 0x30, 0x0C,
    0x30, 0x0C, 0x30, 0x0C, 0x30, 0x0C, 0x30, 0x0C, 0x30, 0x0C, 0x30, 0x0C,
    0x30, 0x0C, 0x30, 0x1C, 0x20, 0x18, 0x00, 0x00
    },
    {
    0x00, 0x00, 0x19, 0xFC, 0x0D, 0xFC, 0x20, 0x04, 0x31, 0x84, 0x21, 0x84,
    0x21, 0x04, 0x23, 0x84, 0x22, 0xE4, 0x26, 0x74, 0x3C, 0x34, 0x20, 0x04,
    0x20, 0x04, 0x20, 0x1C, 0x20, 0x08, 0x00, 0x00
    },
    {
    0x00, 0x00, 0x19, 0xFC, 0x0D, 0xFC, 0x08, 0x44, 0x30, 0xC4, 0x20, 0xC4,
    0x2F, 0xF4, 0x21, 0xC4, 0x21, 0xC4, 0x22, 0xC4, 0x2E, 0xC4, 0x3C, 0xC4,
    0x21, 0xC4, 0x21, 0x9C, 0x20, 0x1C, 0x00, 0x00
    },
    {
    0x00, 0x00, 0x18, 0x00, 0x19, 0xFC, 0x0C, 0x04, 0x20, 0x04, 0x20, 0x04,
    0x27, 0xE4, 0x26, 0x64, 0x24, 0x64, 0x26, 0x64, 0x27, 0xE4, 0x20, 0x04,
    0x20, 0x04, 0x20, 0x1C, 0x20, 0x1C, 0x00, 0x00
    },
    {
    0x00, 0x00, 0x19, 0xFC, 0x0D, 0xFC, 0x00, 0x04, 0x20, 0x04, 0x27, 0xE4,
    0x26, 0x64, 0x26, 0x64, 0x27, 0xE4, 0x26, 0x64, 0x26, 0x64, 0x27, 0xE4,
    0x20, 0x04, 0x20, 0x04, 0x20, 0x1C, 0x00, 0x08
    },
    {
    0x00, 0x00, 0x1B, 0xFC, 0x0B, 0xFC, 0x20, 0x04, 0x21, 0x84, 0x21, 0x84,
    0x21, 0xB4, 0x2F, 0x14, 0x2B, 0x1C, 0x2B, 0x1C, 0x3B, 0x64, 0x23, 0xE4,
    0x21, 0x84, 0x20, 0x1C, 0x20, 0x08, 0x00, 0x00
    },
    {
    0x00, 0x00, 0x1B, 0xFC, 0x1B, 0xFC, 0x08, 0x04, 0x2F, 0xF4, 0x2F, 0xF4,
    0x27, 0xE4, 0x27, 0xE4, 0x27, 0xE4, 0x27, 0xE4, 0x26, 0x64, 0x2F, 0xF4,
    0x28, 0x64, 0x20, 0x6C, 0x20, 0x0C, 0x00, 0x00
    },
    {
    0x00, 0x00, 0x19, 0xFC, 0x18, 0x04, 0x0E, 0x64, 0x22, 0xC4, 0x27, 0xE4,
    0x24, 0x24, 0x24, 0x24, 0x27, 0xE4, 0x22, 0xC4, 0x22, 0xC4, 0x26, 0xD4,
    0x2C, 0xF4, 0x28, 0x0C, 0x60, 0x0C, 0x00, 0x00
    },
    {
    0x00, 0x00, 0x1B, 0xFC, 0x18, 0x04, 0x00, 0xB4, 0x2F, 0xF4, 0x2F, 0xF4,
    0x26, 0xC4, 0x2F, 0xF4, 0x2F, 0x64, 0x2F, 0x64, 0x27, 0x7C, 0x2F, 0xFC,
    0x20, 0x84, 0x20, 0x1C, 0x20, 0x08, 0x00, 0x00
    },
    {
    0x00, 0x60, 0x7E, 0x60, 0x7E, 0x60, 0x64, 0x60, 0x6C, 0x60, 0x68, 0x60,
    0x68, 0x60, 0x6C, 0x60, 0x66, 0xE0, 0x66, 0xF0, 0x66, 0x90, 0x6D, 0x98,
    0x63, 0x0C, 0x66, 0x0E, 0x64, 0x00, 0x00, 0x00
    },
    {
    0x00, 0x18, 0x7C, 0xD8, 0x7C, 0xD8, 0x4C, 0x98, 0x4B, 0xFE, 0x5B, 0xFE,
    0x58, 0x98, 0x68, 0x98, 0x6F, 0xFE, 0x6F, 0xFE, 0x7C, 0x98, 0x79, 0x98,
    0x61, 0x98, 0x63, 0x18, 0x42, 0x18, 0x00, 0x00
    },
    {
    0x00, 0x40, 0x3C, 0x40, 0x7F, 0xFC, 0x6D, 0xFC, 0x68, 0x80, 0x79, 0xA0,
    0x79, 0x20, 0x6B, 0xFC, 0x6F, 0xFC, 0x6C, 0x20, 0x7C, 0x20, 0x7B, 0xFE,
    0x60, 0x20, 0x60, 0x20, 0x60, 0x20, 0x00, 0x00
    },
    {
    0x00, 0x40, 0x7C, 0x60, 0x7C, 0xE0, 0x6C, 0xF0, 0x49, 0x98, 0x5B, 0x0E,
    0x5B, 0x96, 0x59, 0x90, 0x6D, 0x90, 0x6D, 0x90, 0x6D, 0x90, 0x79, 0x90,
    0x43, 0x10, 0x67, 0x18, 0x66, 0x10, 0x00, 0x00
    },
    {
    0x00, 0x00, 0x7D, 0xFC, 0x6D, 0x8C, 0x69, 0x0C, 0x79, 0x8C, 0x79, 0xFC,
    0x79, 0x8C, 0x6D, 0x0C, 0x6D, 0xFC, 0x6D, 0xFC, 0x7D, 0x0C, 0x71, 0x0C,
    0x67, 0xFE, 0x67, 0xFE, 0x40, 0x00, 0x00, 0x00
    },
    {
    0x00, 0x00, 0x7C, 0xC0, 0x7D, 0xFC, 0x49, 0x98, 0x5B, 0xF0, 0x58, 0x70,
    0x71, 0xFE, 0x5B, 0x24, 0x48, 0x60, 0x4F, 0xFC, 0x7B, 0x20, 0x7B, 0xFC,
    0x43, 0xFC, 0x40, 0x20, 0x40, 0x20, 0x00, 0x00
    },
    {
    0x00, 0x00, 0x7D, 0xF8, 0x7D, 0xFC, 0x69, 0x0C, 0x69, 0xFC, 0x79, 0x0C,
    0x79, 0xFC, 0x69, 0xF8, 0x6D, 0x6C, 0x6D, 0x78, 0x7D, 0x30, 0x79, 0x30,
    0x61, 0xDC, 0x63, 0xCE, 0x63, 0x00, 0x00, 0x00
    },
    {
    0x00, 0x40, 0x00, 0xE0, 0x7C, 0xE0, 0x6D, 0xB0, 0x49, 0x9C, 0x5B, 0xFE,
    0x5E, 0xF4, 0x48, 0x60, 0x4F, 0xFC, 0x4F, 0xFC, 0x7D, 0x60, 0x7B, 0x78,
    0x46, 0x6C, 0x66, 0xE4, 0x40, 0xC0, 0x00, 0x00
    },
    {
    0x00, 0x00, 0x00, 0xE0, 0x7C, 0xE0, 0x49, 0xB0, 0x59, 0x1C, 0x5B, 0x0E,
    0x77, 0xF0, 0x5C, 0x08, 0x4A, 0x58, 0x4B, 0x58, 0x4D, 0x50, 0x79, 0x30,
    0x40, 0x30, 0x47, 0xFC, 0x40, 0x00, 0x00, 0x00
    },
    {
    0x00, 0x40, 0x3C, 0x60, 0x7C, 0xFC, 0x6C, 0x8C, 0x69, 0x8C, 0x69, 0x18,
    0x79, 0xDC, 0x6F, 0xDE, 0x6F, 0x06, 0x67, 0xDE, 0x7F, 0xDE, 0x79, 0x06,
    0x63, 0xFE, 0x63, 0xFE, 0x63, 0x00, 0x00, 0x00
    },
    {
    0x00, 0x00, 0x78, 0x30, 0x7E, 0xFC, 0x6B, 0xFE, 0x6B, 0x40, 0x78, 0xFC,
    0x77, 0xC4, 0x7B, 0x7C, 0x6B, 0x7C, 0x6F, 0x7C, 0x7B, 0x7C, 0x7B, 0x4C,
    0x63, 0xC8, 0x67, 0xFE, 0x60, 0x7C, 0x00, 0x00
    },
    {
    0x00, 0x00, 0x7F, 0xFE, 0x6C, 0x00, 0x69, 0xFC, 0x69, 0x0C, 0x79, 0xFC,
    0x79, 0xF8, 0x6B, 0xFC, 0x6F, 0xFE, 0x6F, 0xDE, 0x7F, 0x9E, 0x63, 0xF6,
    0x63, 0x66, 0x63, 0x6E, 0x02, 0x08, 0x00, 0x00
    },
    {
    0x00, 0x00, 0x3C, 0x60, 0x7D, 0x6C, 0x6F, 0x6E, 0x6A, 0x60, 0x79, 0xF8,
    0x79, 0xFC, 0x69, 0xFC, 0x6D, 0xFC, 0x6D, 0xFC, 0x7D, 0xFC, 0x6B, 0x68,
    0x63, 0x6C, 0x66, 0x66, 0x60, 0xC0, 0x00, 0x00
    },
    {
    0x00, 0x00, 0x0C, 0xC0, 0x1F, 0xFC, 0x1F, 0xFC, 0x3F, 0xF8, 0x7F, 0xF8,
    0x1F, 0xF8, 0x1F, 0xF8, 0x1F, 0xFC, 0x1F, 0xFC, 0x7F, 0xFE, 0x3F, 0xFE,
    0x0C, 0xB0, 0x38, 0x9E, 0x20, 0x86, 0x00, 0x00
    },
    {
    0x10, 0x08, 0x3F, 0xFC, 0x3F, 0xFC, 0x7F, 0xFE, 0x6D, 0xB6, 0x2D, 0xF2,
    0x1D, 0xB8, 0x07, 0xC0, 0x1E, 0x78, 0x79, 0x9E, 0x0F, 0xF8, 0x0F, 0xF8,
    0x06, 0xC0, 0x03, 0xC0, 0x00, 0x40, 0x00, 0x00
    },
    {
    0x10, 0x08, 0x1F, 0xFC, 0x01, 0x80, 0x7F, 0xFE, 0x6D, 0xB6, 0x6D, 0xB2,
    0x1D, 0xF8, 0x00, 0x00, 0x7F, 0xFE, 0x31, 0x18, 0x3F, 0xFC, 0x36, 0xCC,
    0x32, 0xCC, 0x36, 0xD8, 0x30, 0x10, 0x00, 0x00
    },
    {
    0x00, 0x00, 0x3F, 0xFC, 0x3F, 0xFC, 0x7F, 0xFE, 0x7D, 0xF6, 0x0D, 0xB0,
    0x1D, 0xF8, 0x3E, 0xF8, 0x3E, 0xFC, 0x3F, 0xF8, 0x3E, 0x70, 0x2F, 0xFE,
    0x28, 0xFC, 0x7E, 0xFC, 0x70, 0xFC, 0x00, 0x00
    },
    {
    0x00, 0x00, 0x08, 0x40, 0x7E, 0x78, 0x7E, 0xF8, 0x7F, 0x98, 0x7F, 0xFC,
    0x7E, 0x34, 0x7F, 0xFE, 0x3E, 0xFE, 0x7E, 0x24, 0x7E, 0xFC, 0x7E, 0xFC,
    0x7E, 0x20, 0x62, 0x30, 0x66, 0x60, 0x00, 0x60
    },
    {
    0x00, 0x00, 0x02, 0x60, 0x02, 0x60, 0x3E, 0x7E, 0x3E, 0x7E, 0x02, 0x60,
    0x06, 0x7C, 0x3E, 0x7C, 0x02, 0x60, 0x02, 0x60, 0x3E, 0x7E, 0x7E, 0x7E,
    0x06, 0x60, 0x0C, 0x60, 0x0C, 0x60, 0x00, 0x00
    },
    {
    0x00, 0x00, 0x09, 0x80, 0x1F, 0xF8, 0x11, 0x80, 0x7F, 0xFE, 0x1F, 0xF8,
    0x1F, 0xF8, 0x1F, 0xF8, 0x1F, 0xF8, 0x3E, 0x7C, 0x02, 0x40, 0x3E, 0x7C,
    0x1E, 0x7E, 0x7E, 0x7E, 0x06, 0x40, 0x00, 0x00
    },
    {
    0x00, 0x00, 0x7F, 0xFE, 0x7F, 0xFE, 0x01, 0x80, 0x3F, 0xFC, 0x3F, 0xFC,
    0x36, 0x6C, 0x37, 0xEC, 0x36, 0x6C, 0x37, 0xEC, 0x37, 0xEC, 0x36, 0x6C,
    0x3F, 0xFC, 0x3F, 0xFC, 0x20, 0x00, 0x00, 0x00
    },
    {
    0x01, 0x00, 0x01, 0x80, 0x3F, 0xFC, 0x04, 0x20, 0x04, 0x60, 0x7F, 0xFE,
    0x7F, 0xFE, 0x00, 0x00, 0x1F, 0xF8, 0x18, 0x18, 0x1F, 0xF8, 0x1F, 0xF8,
    0x18, 0x18, 0x1F, 0xF8, 0x18, 0x18, 0x00, 0x00
    },
    {
    0x00, 0x00, 0x7F, 0xFE, 0x7F, 0xFE, 0x18, 0x20, 0x19, 0xFC, 0x19, 0xFC,
    0x19, 0xB4, 0x19, 0xB4, 0x19, 0xB4, 0x19, 0xA4, 0x19, 0xA6, 0x19, 0x7C,
    0x18, 0xCC, 0x3B, 0x86, 0x00, 0x00, 0x00, 0x00
    },
    {
    0x00, 0x00, 0x7F, 0xFE, 0x7C, 0x20, 0x10, 0x20, 0x11, 0xFC, 0x11, 0x8C,
    0x11, 0x2C, 0x11, 0x24, 0x11, 0x2C, 0x1D, 0x2C, 0x7D, 0x64, 0x41, 0x78,
    0x00, 0xDC, 0x07, 0x86, 0x06, 0x02, 0x00, 0x00
    },
    {
    0x00, 0x00, 0x23, 0xFE, 0x6A, 0x30, 0x2A, 0x30, 0x2A, 0xFC, 0x2A, 0xC4,
    0x2A, 0xD4, 0x2A, 0xF4, 0x2A, 0xF4, 0x2A, 0xF4, 0x6A, 0xB4, 0x6A, 0x38,
    0x62, 0x6C, 0x43, 0xC6, 0x00, 0x00, 0x00, 0x00
    },
    {
    0x00, 0x00, 0x0B, 0xFE, 0x1B, 0xFE, 0x30, 0x60, 0x61, 0xFC, 0x09, 0xFC,
    0x19, 0x24, 0x31, 0x24, 0x61, 0x24, 0x0D, 0x24, 0x0D, 0x24, 0x19, 0x60,
    0x30, 0xD8, 0x63, 0x8E, 0x03, 0x06, 0x00, 0x00
    },
    {
    0x00, 0x00, 0x19, 0xFE, 0x1D, 0xFE, 0x36, 0x30, 0x23, 0xFC, 0x68, 0xFE,
    0x08, 0x86, 0x00, 0xB6, 0x7E, 0xB6, 0x06, 0xB6, 0x04, 0xB6, 0x3C, 0xA0,
    0x18, 0x6C, 0x0D, 0xC6, 0x09, 0x82, 0x00, 0x00
    },
    {
    0x00, 0x00, 0x0C, 0xFE, 0x2D, 0xFE, 0x2F, 0x30, 0x2C, 0x7C, 0x2C, 0xFE,
    0x7F, 0xC6, 0x08, 0xD6, 0x29, 0xD6, 0x2B, 0xD6, 0x6E, 0xF6, 0x0C, 0x30,
    0x1C, 0x6C, 0x71, 0xCE, 0x61, 0x82, 0x00, 0x00
    },
    {
    0x00, 0x00, 0x1E, 0xFE, 0x33, 0xFE, 0x3E, 0x30, 0x3E, 0xFC, 0x3E, 0xC4,
    0x1E, 0xD4, 0x7E, 0xD4, 0x7E, 0xD4, 0x2C, 0xF4, 0x2F, 0x38, 0x3C, 0x6C,
    0x7C, 0xC4, 0x6F, 0xFE, 0x43, 0xFE, 0x00, 0x00
    },
    {
    0x00, 0x00, 0x08, 0xFE, 0x7F, 0xFE, 0x7F, 0x30, 0x59, 0x7C, 0x3E, 0xFE,
    0x66, 0xD6, 0x5C, 0xD6, 0x1E, 0xD6, 0x33, 0xD6, 0x7E, 0xF6, 0x32, 0x30,
    0x3E, 0x6C, 0x3E, 0xC6, 0x23, 0x82, 0x00, 0x00
    },
    {
    0x00, 0x00, 0x3F, 0xF8, 0x3F, 0xF8, 0x30, 0x08, 0x34, 0x78, 0x36, 0xD8,
    0x33, 0x98, 0x31, 0x98, 0x33, 0x98, 0x33, 0xD8, 0x36, 0x68, 0x2C, 0x6E,
    0x60, 0x0E, 0x60, 0x06, 0x00, 0x00, 0x00, 0x00
    },
    {
    0x00, 0x00, 0x7F, 0xFC, 0x1C, 0x8C, 0x7E, 0x9C, 0x7F, 0xDC, 0x7F, 0xFC,
    0x7F, 0xBC, 0x3E, 0xBC, 0x3C, 0xAC, 0x7F, 0xBC, 0x7F, 0xFC, 0x2F, 0xDC,
    0x6B, 0x9E, 0x5B, 0x06, 0x12, 0x06, 0x00, 0x00
    },
    {
    0x01, 0x80, 0x03, 0x80, 0x02, 0xC0, 0x07, 0x70, 0x1D, 0xBC, 0x3F, 0xFE,
    0x7F, 0xFE, 0x1F, 0xF8, 0x1F, 0xF8, 0x18, 0x18, 0x1F, 0xF8, 0x19, 0x8C,
    0x18, 0xF8, 0x1E, 0x78, 0x3E, 0x1C, 0x00, 0x00
    },
    {
    0x00, 0x10, 0x30, 0xF0, 0x33, 0xF4, 0x3D, 0xB4, 0x6D, 0xB0, 0x6B, 0xFE,
    0x71, 0xB0, 0x31, 0x94, 0x31, 0xDC, 0x33, 0x9C, 0x31, 0x98, 0x3D, 0xB8,
    0x39, 0xEE, 0x33, 0x86, 0x00, 0x00, 0x00, 0x00
    },
    {
    0x00, 0x00, 0x06, 0x60, 0x06, 0x60, 0x7F, 0xFE, 0x01, 0x80, 0x1F, 0xF8,
    0x1F, 0xF8, 0x18, 0x18, 0x1F, 0xF8, 0x18, 0x18, 0x1F, 0xF8, 0x1F, 0xF8,
    0x18, 0x18, 0x1F, 0xF8, 0x18, 0x18, 0x00, 0x00
    },
    {
    0x00, 0x00, 0x7D, 0xFE, 0x05, 0x80, 0x25, 0x84, 0x25, 0xEC, 0x25, 0xA8,
    0x25, 0xB8, 0x3F, 0x98, 0x3F, 0xB8, 0x03, 0xAC, 0x77, 0xE4, 0x77, 0x80,
    0x07, 0x80, 0x0D, 0xFE, 0x08, 0x00, 0x00, 0x00
    },
    {
    0x00, 0x20, 0x00, 0x20, 0x7D, 0xFC, 0x0D, 0xFE, 0x25, 0x06, 0x2D, 0xFE,
    0x2D, 0x00, 0x2D, 0xFE, 0x3F, 0xFA, 0x3F, 0xEA, 0x07, 0xFE, 0x77, 0xFA,
    0x05, 0xFA, 0x0D, 0xEE, 0x19, 0x86, 0x00, 0x00
    },
    {
    0x01, 0x80, 0x01, 0x80, 0x7F, 0xFE, 0x00, 0x00, 0x0F, 0xF0, 0x08, 0x10,
    0x0F, 0xF0, 0x00, 0x00, 0x3F, 0xFC, 0x30, 0x0C, 0x37, 0xEC, 0x34, 0x2C,
    0x37, 0xEC, 0x37, 0xFC, 0x30, 0x1C, 0x00, 0x00
    },
    {
    0x00, 0x80, 0x00, 0x80, 0x3F, 0xFE, 0x33, 0x30, 0x37, 0x3C, 0x37, 0x38,
    0x3F, 0xFE, 0x3B, 0x96, 0x37, 0xF8, 0x37, 0xF8, 0x24, 0xC8, 0x27, 0xF8,
    0x63, 0x7C, 0x66, 0x76, 0x4C, 0x7E, 0x00, 0x00
    },
    {
    0x00, 0x00, 0x18, 0x6C, 0x3E, 0x68, 0x26, 0xFE, 0x6C, 0xFE, 0x7F, 0x10,
    0x2B, 0x10, 0x3F, 0x7E, 0x3F, 0x10, 0x2B, 0x10, 0x3F, 0xFE, 0x00, 0xFE,
    0x3F, 0x10, 0x7C, 0x10, 0x00, 0x10, 0x00, 0x00
    },
    {
    0x00, 0x00, 0x1F, 0xFC, 0x11, 0x8C, 0x15, 0xAC, 0x15, 0xAC, 0x3F, 0xFC,
    0x1F, 0xF8, 0x01, 0x80, 0x3F, 0xFC, 0x01, 0x80, 0x7F, 0xFE, 0x00, 0x00,
    0x36, 0x4C, 0x62, 0x66, 0x00, 0x00, 0x00, 0x00
    },
    {
    0x00, 0x00, 0x3F, 0x30, 0x7F, 0x3C, 0x69, 0x34, 0x7F, 0x34, 0x6D, 0xFC,
    0x7F, 0x30, 0x7F, 0x30, 0x7F, 0x30, 0x0D, 0x30, 0x7F, 0x78, 0x01, 0x68,
    0x75, 0xCC, 0x55, 0xC6, 0x41, 0x82, 0x00, 0x00
    },
    {
    0x00, 0x80, 0x01, 0x80, 0x3F, 0xFE, 0x3F, 0xFE, 0x04, 0x20, 0x06, 0x60,
    0x03, 0xC0, 0x0F, 0xFC, 0x7E, 0x3E, 0x26, 0x20, 0x06, 0x30, 0x06, 0x20,
    0x0C, 0x20, 0x1C, 0x20, 0x38, 0x30, 0x00, 0x20
    },
    {
    0x00, 0x04, 0x00, 0x0C, 0x00, 0x08, 0x00, 0x18, 0x00, 0x18, 0x00, 0x10,
    0x00, 0x30, 0x00, 0x30, 0x00, 0x30, 0x00, 0x30, 0x00, 0x10, 0x00, 0x18,
    0x00, 0x18, 0x00, 0x08, 0x00, 0x0C, 0x00, 0x04
    },
    {
    0x20, 0x00, 0x30, 0x00, 0x10, 0x00, 0x18, 0x00, 0x18, 0x00, 0x08, 0x00,
    0x0C, 0x00, 0x0C, 0x00, 0x0C, 0x00, 0x0C, 0x00, 0x08, 0x00, 0x18, 0x00,
    0x18, 0x00, 0x10, 0x00, 0x30, 0x00, 0x20, 0x00
    },
    {
    0x00, 0x00, 0x00, 0x00, 0x00, 0x00, 0x00, 0x00, 0x01, 0x80, 0x01, 0x80,
    0x00, 0x80, 0x01, 0x80, 0x00, 0x00, 0x00, 0x00, 0x00, 0x00, 0x00, 0x00,
    0x00, 0x00, 0x00, 0x00, 0x00, 0x00, 0x00, 0x00
    },
    {
    0x00, 0x00, 0x00, 0x00, 0x00, 0x00, 0x01, 0x00, 0x01, 0x80, 0x00, 0x00,
    0x00, 0x00, 0x00, 0x00, 0x00, 0x00, 0x00, 0x00, 0x01, 0x80, 0x01, 0x00,
    0x00, 0x00, 0x00, 0x00, 0x00, 0x00, 0x00, 0x00
    },
    {
    0x00, 0x00, 0x00, 0x00, 0x01, 0x80, 0x01, 0x80, 0x00, 0x00, 0x00, 0x00,
    0x00, 0x00, 0x00, 0x00, 0x00, 0x00, 0x01, 0x80, 0x01, 0x80, 0x00, 0x80,
    0x01, 0x00, 0x00, 0x00, 0x00, 0x00, 0x00, 0x00
    },
    {
    0x00, 0x00, 0x00, 0x00, 0x00, 0x00, 0x00, 0x00, 0x0F, 0xF0, 0x0F, 0xF0,
    0x00, 0x00, 0x0F, 0xF0, 0x0F, 0xF0, 0x00, 0x00, 0x00, 0x00, 0x00, 0x00,
    0x00, 0x00, 0x00, 0x00, 0x00, 0x00, 0x00, 0x00
    },
    {
    0x00, 0x00, 0x07, 0xC0, 0x0C, 0x60, 0x0C, 0x60, 0x08, 0x60, 0x00, 0xE0,
    0x00, 0xC0, 0x01, 0x80, 0x01, 0x00, 0x01, 0x00, 0x03, 0x00, 0x03, 0x00,
    0x00, 0x00, 0x00, 0x00, 0x00, 0x00, 0x00, 0x00
    }
};

#define FONT_ZH_COUNT (sizeof(FONT_ZH_CODEPOINTS) / sizeof(FONT_ZH_CODEPOINTS[0]))

